[run number],T,game-size,R,eps,S,percent-of-C,percent-of-FREE,percent-of-COMP,delta,percent-of-D,P,percent-of-FAKE,probablistic,[step],"count patches with [genome = ""COMP""]","count patches with [genome = ""C""]","count patches with [genome = ""D""]","count patches with [genome = ""FREE""]","count patches with [genome = ""FAKE""]"
5,2,50,1,0.2,-1,0.2,0.2,0.2,4,0.2,0,0.2,TRUE,200,2160,338,0,103,0
7,2,50,1,0.2,-1,0.2,0.2,0.2,4,0.2,0,0.2,TRUE,200,1770,689,0,142,0
6,2,50,1,0.2,-1,0.2,0.2,0.2,4,0.2,0,0.2,TRUE,200,1812,786,0,3,0
4,2,50,1,0.2,-1,0.2,0.2,0.2,4,0.2,0,0.2,TRUE,200,2031,288,0,282,0
3,2,50,1,0.2,-1,0.2,0.2,0.2,4,0.2,0,0.2,TRUE,200,2025,348,0,228,0
8,2,50,1,0.2,-1,0.2,0.2,0.2,4,0.2,0,0.2,TRUE,200,2211,297,0,93,0
2,2,50,1,0.2,-1,0.2,0.2,0.2,4,0.2,0,0.2,TRUE,200,2599,0,0,2,0
1,2,50,1,0.2,-1,0.2,0.2,0.2,4,0.2,0,0.2,TRUE,200,2070,383,0,148,0
12,2,50,1,0.2,-1,0.2,0.2,0.2,4,0.2,0,0.2,TRUE,200,2082,377,0,142,0
9,2,50,1,0.2,-1,0.2,0.2,0.2,4,0.2,0,0.2,TRUE,200,2129,331,0,141,0
11,2,50,1,0.2,-1,0.2,0.2,0.2,4,0.2,0,0.2,TRUE,200,1012,1589,0,0,0
10,2,50,1,0.2,-1,0.2,0.2,0.2,4,0.2,0,0.2,TRUE,200,2046,359,0,196,0
14,2,50,1,0.2,-1,0.2,0.2,0.2,4,0.2,0,0.2,TRUE,200,2453,108,0,40,0
13,2,50,1,0.2,-1,0.2,0.2,0.2,4,0.2,0,0.2,TRUE,200,1669,803,0,129,0
15,2,50,1,0.2,-1,0.2,0.2,0.2,4,0.2,0,0.2,TRUE,200,1861,553,0,187,0
16,2,50,1,0.2,-1,0.2,0.2,0.2,4,0.2,0,0.2,TRUE,200,1763,711,0,127,0
17,2,50,1,0.2,-1,0.2,0.2,0.2,4,0.2,0,0.2,TRUE,200,2036,487,0,78,0
20,2,50,1,0.2,-1,0.2,0.2,0.2,4,0.2,0,0.2,TRUE,200,1494,989,0,118,0
18,2,50,1,0.2,-1,0.2,0.2,0.2,4,0.2,0,0.2,TRUE,200,1514,984,0,103,0
19,2,50,1,0.2,-1,0.2,0.2,0.2,4,0.2,0,0.2,TRUE,200,2331,184,0,86,0
21,2,50,1,0.2,-1,0.2,0.2,0.2,4,0.2,0,0.2,TRUE,200,2601,0,0,0,0
22,2,50,1,0.2,-1,0.2,0.2,0.2,4,0.2,0,0.2,TRUE,200,2552,39,0,10,0
23,2,50,1,0.2,-1,0.2,0.2,0.2,4,0.2,0,0.2,TRUE,200,2299,168,0,134,0
25,2,50,1,0.2,-1,0.2,0.2,0.2,4,0.2,0,0.2,TRUE,200,2601,0,0,0,0
26,2,50,1,0.2,-1,0.2,0.2,0.2,4,0.2,0,0.2,TRUE,200,2112,386,0,103,0
27,2,50,1,0.2,-1,0.2,0.2,0.2,4,0.2,0,0.2,TRUE,200,2601,0,0,0,0
24,2,50,1,0.2,-1,0.2,0.2,0.2,4,0.2,0,0.2,TRUE,200,2596,0,0,5,0
29,2,50,1,0.2,-1,0.2,0.2,0.2,4,0.2,0,0.2,TRUE,200,1798,796,0,7,0
28,2,50,1,0.2,-1,0.2,0.2,0.2,4,0.2,0,0.2,TRUE,200,2192,297,0,112,0
30,2,50,1,0.2,-1,0.2,0.2,0.2,4,0.2,0,0.2,TRUE,200,2120,338,0,143,0
31,2,50,1,0.2,-1,0.2,0.2,0.2,4,0.2,0,0.2,TRUE,200,2601,0,0,0,0
32,2,50,1,0.2,-1,0.2,0.2,0.2,4,0.2,0,0.2,TRUE,200,2473,95,0,33,0
33,2,50,1,0.2,-1,0.2,0.2,0.2,4,0.2,0,0.2,TRUE,200,2159,270,0,172,0
36,2,50,1,0.2,-1,0.2,0.2,0.2,4,0.2,0,0.2,TRUE,200,2601,0,0,0,0
37,2,50,1,0.2,-1,0.2,0.2,0.2,4,0.2,0,0.2,TRUE,200,1796,680,0,125,0
34,2,50,1,0.2,-1,0.2,0.2,0.2,4,0.2,0,0.2,TRUE,200,2214,386,0,1,0
38,2,50,1,0.2,-1,0.2,0.2,0.2,4,0.2,0,0.2,TRUE,200,2345,141,0,115,0
35,2,50,1,0.2,-1,0.2,0.2,0.2,4,0.2,0,0.2,TRUE,200,2601,0,0,0,0
39,2,50,1,0.2,-1,0.2,0.2,0.2,4,0.2,0,0.2,TRUE,200,1914,438,0,249,0
40,2,50,1,0.2,-1,0.2,0.2,0.2,4,0.2,0,0.2,TRUE,200,2601,0,0,0,0
41,2,50,1,0.2,-1,0.2,0.2,0.2,4,0.2,0,0.2,TRUE,200,2601,0,0,0,0
43,2,50,1,0.2,-1,0.2,0.2,0.2,4,0.2,0,0.2,TRUE,200,1835,766,0,0,0
44,2,50,1,0.2,-1,0.2,0.2,0.2,4,0.2,0,0.2,TRUE,200,1788,522,0,291,0
42,2,50,1,0.2,-1,0.2,0.2,0.2,4,0.2,0,0.2,TRUE,200,2389,209,0,3,0
45,2,50,1,0.2,-1,0.2,0.2,0.2,4,0.2,0,0.2,TRUE,200,1718,810,0,73,0
47,2,50,1,0.2,-1,0.2,0.2,0.2,4,0.2,0,0.2,TRUE,200,2579,17,0,5,0
46,2,50,1,0.2,-1,0.2,0.2,0.2,4,0.2,0,0.2,TRUE,200,2109,331,0,161,0
48,2,50,1,0.2,-1,0.2,0.2,0.2,4,0.2,0,0.2,TRUE,200,1960,472,0,169,0
50,2,50,1,0.2,-1,0.2,0.2,0.2,4,0.2,0,0.2,TRUE,200,2601,0,0,0,0
49,2,50,1,0.2,-1,0.2,0.2,0.2,4,0.2,0,0.2,TRUE,200,713,1888,0,0,0
51,2,50,1,0.2,-1,0.2,0.2,0.2,4,0.2,0,0.2,TRUE,200,1614,801,0,186,0
52,2,50,1,0.2,-1,0.2,0.2,0.2,4,0.2,0,0.2,TRUE,200,2114,288,0,199,0
53,2,50,1,0.2,-1,0.2,0.2,0.2,4,0.2,0,0.2,TRUE,200,2392,120,0,89,0
54,2,50,1,0.2,-1,0.2,0.2,0.2,4,0.2,0,0.2,TRUE,200,2113,334,0,154,0
55,2,50,1,0.2,-1,0.2,0.2,0.2,4,0.2,0,0.2,TRUE,200,2601,0,0,0,0
56,2,50,1,0.2,-1,0.2,0.2,0.2,4,0.2,0,0.2,TRUE,200,1926,560,0,115,0
57,2,50,1,0.2,-1,0.2,0.2,0.2,4,0.2,0,0.2,TRUE,200,2448,95,0,58,0
58,2,50,1,0.2,-1,0.2,0.2,0.2,4,0.2,0,0.2,TRUE,200,2601,0,0,0,0
60,2,50,1,0.2,-1,0.2,0.2,0.2,4,0.2,0,0.2,TRUE,200,2269,267,0,65,0
59,2,50,1,0.2,-1,0.2,0.2,0.2,4,0.2,0,0.2,TRUE,200,2598,0,0,3,0
61,2,50,1,0.2,-1,0.2,0.2,0.2,4,0.2,0,0.2,TRUE,200,2601,0,0,0,0
62,2,50,1,0.2,-1,0.2,0.2,0.2,4,0.2,0,0.2,TRUE,200,1565,589,0,447,0
64,2,50,1,0.2,-1,0.2,0.2,0.2,4,0.2,0,0.2,TRUE,200,2598,0,0,3,0
66,2,50,1,0.2,-1,0.2,0.2,0.2,4,0.2,0,0.2,TRUE,200,1951,641,0,9,0
65,2,50,1,0.2,-1,0.2,0.2,0.2,4,0.2,0,0.2,TRUE,200,2002,599,0,0,0
67,2,50,1,0.2,-1,0.2,0.2,0.2,4,0.2,0,0.2,TRUE,200,2430,124,0,47,0
63,2,50,1,0.2,-1,0.2,0.2,0.2,4,0.2,0,0.2,TRUE,200,2449,117,0,35,0
68,2,50,1,0.2,-1,0.2,0.2,0.2,4,0.2,0,0.2,TRUE,200,1865,736,0,0,0
69,2,50,1,0.2,-1,0.2,0.2,0.2,4,0.2,0,0.2,TRUE,200,2424,99,0,78,0
70,2,50,1,0.2,-1,0.2,0.2,0.2,4,0.2,0,0.2,TRUE,200,1789,576,0,236,0
71,2,50,1,0.2,-1,0.2,0.2,0.2,4,0.2,0,0.2,TRUE,200,2601,0,0,0,0
72,2,50,1,0.2,-1,0.2,0.2,0.2,4,0.2,0,0.2,TRUE,200,2115,390,0,96,0
73,2,50,1,0.2,-1,0.2,0.2,0.2,4,0.2,0,0.2,TRUE,200,1927,474,0,200,0
74,2,50,1,0.2,-1,0.2,0.2,0.2,4,0.2,0,0.2,TRUE,200,1959,636,0,6,0
76,2,50,1,0.2,-1,0.2,0.2,0.2,4,0.2,0,0.2,TRUE,200,2435,119,0,47,0
75,2,50,1,0.2,-1,0.2,0.2,0.2,4,0.2,0,0.2,TRUE,200,2298,228,0,75,0
77,2,50,1,0.2,-1,0.2,0.2,0.2,4,0.2,0,0.2,TRUE,200,2600,0,0,1,0
78,2,50,1,0.2,-1,0.2,0.2,0.2,4,0.2,0,0.2,TRUE,200,2178,274,0,149,0
79,2,50,1,0.2,-1,0.2,0.2,0.2,4,0.2,0,0.2,TRUE,200,2601,0,0,0,0
80,2,50,1,0.2,-1,0.2,0.2,0.2,4,0.2,0,0.2,TRUE,200,2065,536,0,0,0
81,2,50,1,0.2,-1,0.2,0.2,0.2,4,0.2,0,0.2,TRUE,200,2297,212,0,92,0
82,2,50,1,0.2,-1,0.2,0.2,0.2,4,0.2,0,0.2,TRUE,200,2355,148,0,98,0
83,2,50,1,0.2,-1,0.2,0.2,0.2,4,0.2,0,0.2,TRUE,200,1880,721,0,0,0
85,2,50,1,0.2,-1,0.2,0.2,0.2,4,0.2,0,0.2,TRUE,200,2598,0,0,3,0
84,2,50,1,0.2,-1,0.2,0.2,0.2,4,0.2,0,0.2,TRUE,200,1901,543,0,157,0
87,2,50,1,0.2,-1,0.2,0.2,0.2,4,0.2,0,0.2,TRUE,200,2302,256,0,43,0
86,2,50,1,0.2,-1,0.2,0.2,0.2,4,0.2,0,0.2,TRUE,200,2601,0,0,0,0
88,2,50,1,0.2,-1,0.2,0.2,0.2,4,0.2,0,0.2,TRUE,200,2601,0,0,0,0
89,2,50,1,0.2,-1,0.2,0.2,0.2,4,0.2,0,0.2,TRUE,200,2199,375,0,27,0
90,2,50,1,0.2,-1,0.2,0.2,0.2,4,0.2,0,0.2,TRUE,200,2062,442,0,97,0
91,2,50,1,0.2,-1,0.2,0.2,0.2,4,0.2,0,0.2,TRUE,200,2393,180,0,28,0
92,2,50,1,0.2,-1,0.2,0.2,0.2,4,0.2,0,0.2,TRUE,200,2124,372,0,105,0
94,2,50,1,0.2,-1,0.2,0.2,0.2,4,0.2,0,0.2,TRUE,200,2316,181,0,104,0
93,2,50,1,0.2,-1,0.2,0.2,0.2,4,0.2,0,0.2,TRUE,200,2314,208,0,79,0
95,2,50,1,0.2,-1,0.2,0.2,0.2,4,0.2,0,0.2,TRUE,200,2419,110,0,72,0
96,2,50,1,0.2,-1,0.2,0.2,0.2,4,0.2,0,0.2,TRUE,200,2019,490,0,92,0
98,2,50,1,0.2,-1,0.2,0.2,0.2,4,0.2,0,0.2,TRUE,200,2601,0,0,0,0
97,2,50,1,0.2,-1,0.2,0.2,0.2,4,0.2,0,0.2,TRUE,200,2519,52,0,30,0
99,2,50,1,0.2,-1,0.2,0.2,0.2,4,0.2,0,0.2,TRUE,200,2273,211,0,117,0
101,2,50,1,0.3,-1,0.2,0.2,0.2,4,0.2,0,0.2,TRUE,200,2584,0,0,17,0
100,2,50,1,0.2,-1,0.2,0.2,0.2,4,0.2,0,0.2,TRUE,200,1906,430,0,265,0
104,2,50,1,0.3,-1,0.2,0.2,0.2,4,0.2,0,0.2,TRUE,200,2584,0,0,17,0
103,2,50,1,0.3,-1,0.2,0.2,0.2,4,0.2,0,0.2,TRUE,200,2578,0,0,23,0
102,2,50,1,0.3,-1,0.2,0.2,0.2,4,0.2,0,0.2,TRUE,200,2522,0,0,79,0
105,2,50,1,0.3,-1,0.2,0.2,0.2,4,0.2,0,0.2,TRUE,200,2571,0,0,30,0
106,2,50,1,0.3,-1,0.2,0.2,0.2,4,0.2,0,0.2,TRUE,200,2481,45,0,75,0
107,2,50,1,0.3,-1,0.2,0.2,0.2,4,0.2,0,0.2,TRUE,200,2554,0,0,47,0
108,2,50,1,0.3,-1,0.2,0.2,0.2,4,0.2,0,0.2,TRUE,200,2548,0,0,53,0
109,2,50,1,0.3,-1,0.2,0.2,0.2,4,0.2,0,0.2,TRUE,200,2325,101,0,175,0
110,2,50,1,0.3,-1,0.2,0.2,0.2,4,0.2,0,0.2,TRUE,200,2338,129,0,134,0
111,2,50,1,0.3,-1,0.2,0.2,0.2,4,0.2,0,0.2,TRUE,200,2536,0,0,65,0
113,2,50,1,0.3,-1,0.2,0.2,0.2,4,0.2,0,0.2,TRUE,200,2574,0,0,27,0
114,2,50,1,0.3,-1,0.2,0.2,0.2,4,0.2,0,0.2,TRUE,200,2565,0,0,36,0
112,2,50,1,0.3,-1,0.2,0.2,0.2,4,0.2,0,0.2,TRUE,200,2390,59,0,152,0
115,2,50,1,0.3,-1,0.2,0.2,0.2,4,0.2,0,0.2,TRUE,200,2532,0,0,69,0
116,2,50,1,0.3,-1,0.2,0.2,0.2,4,0.2,0,0.2,TRUE,200,2455,17,0,129,0
118,2,50,1,0.3,-1,0.2,0.2,0.2,4,0.2,0,0.2,TRUE,200,2572,0,0,29,0
117,2,50,1,0.3,-1,0.2,0.2,0.2,4,0.2,0,0.2,TRUE,200,2543,0,0,58,0
120,2,50,1,0.3,-1,0.2,0.2,0.2,4,0.2,0,0.2,TRUE,200,2542,0,0,59,0
119,2,50,1,0.3,-1,0.2,0.2,0.2,4,0.2,0,0.2,TRUE,200,2555,0,0,46,0
121,2,50,1,0.3,-1,0.2,0.2,0.2,4,0.2,0,0.2,TRUE,200,2552,0,0,49,0
122,2,50,1,0.3,-1,0.2,0.2,0.2,4,0.2,0,0.2,TRUE,200,2548,0,0,53,0
123,2,50,1,0.3,-1,0.2,0.2,0.2,4,0.2,0,0.2,TRUE,200,2569,0,0,32,0
124,2,50,1,0.3,-1,0.2,0.2,0.2,4,0.2,0,0.2,TRUE,200,2572,0,0,29,0
125,2,50,1,0.3,-1,0.2,0.2,0.2,4,0.2,0,0.2,TRUE,200,2532,0,0,69,0
126,2,50,1,0.3,-1,0.2,0.2,0.2,4,0.2,0,0.2,TRUE,200,2537,0,0,64,0
127,2,50,1,0.3,-1,0.2,0.2,0.2,4,0.2,0,0.2,TRUE,200,2565,0,0,36,0
128,2,50,1,0.3,-1,0.2,0.2,0.2,4,0.2,0,0.2,TRUE,200,2549,0,0,52,0
129,2,50,1,0.3,-1,0.2,0.2,0.2,4,0.2,0,0.2,TRUE,200,2530,0,0,71,0
131,2,50,1,0.3,-1,0.2,0.2,0.2,4,0.2,0,0.2,TRUE,200,2550,0,0,51,0
130,2,50,1,0.3,-1,0.2,0.2,0.2,4,0.2,0,0.2,TRUE,200,2499,0,0,102,0
132,2,50,1,0.3,-1,0.2,0.2,0.2,4,0.2,0,0.2,TRUE,200,2548,0,0,53,0
133,2,50,1,0.3,-1,0.2,0.2,0.2,4,0.2,0,0.2,TRUE,200,2535,0,0,66,0
134,2,50,1,0.3,-1,0.2,0.2,0.2,4,0.2,0,0.2,TRUE,200,2548,0,0,53,0
135,2,50,1,0.3,-1,0.2,0.2,0.2,4,0.2,0,0.2,TRUE,200,2361,115,0,125,0
137,2,50,1,0.3,-1,0.2,0.2,0.2,4,0.2,0,0.2,TRUE,200,2546,0,0,55,0
136,2,50,1,0.3,-1,0.2,0.2,0.2,4,0.2,0,0.2,TRUE,200,2361,57,0,183,0
138,2,50,1,0.3,-1,0.2,0.2,0.2,4,0.2,0,0.2,TRUE,200,2445,37,0,119,0
139,2,50,1,0.3,-1,0.2,0.2,0.2,4,0.2,0,0.2,TRUE,200,2173,261,0,167,0
140,2,50,1,0.3,-1,0.2,0.2,0.2,4,0.2,0,0.2,TRUE,200,2122,170,0,309,0
141,2,50,1,0.3,-1,0.2,0.2,0.2,4,0.2,0,0.2,TRUE,200,2542,0,0,59,0
143,2,50,1,0.3,-1,0.2,0.2,0.2,4,0.2,0,0.2,TRUE,200,2533,0,0,68,0
142,2,50,1,0.3,-1,0.2,0.2,0.2,4,0.2,0,0.2,TRUE,200,2383,118,0,100,0
144,2,50,1,0.3,-1,0.2,0.2,0.2,4,0.2,0,0.2,TRUE,200,2558,0,0,43,0
145,2,50,1,0.3,-1,0.2,0.2,0.2,4,0.2,0,0.2,TRUE,200,2539,0,0,62,0
146,2,50,1,0.3,-1,0.2,0.2,0.2,4,0.2,0,0.2,TRUE,200,2491,33,0,77,0
147,2,50,1,0.3,-1,0.2,0.2,0.2,4,0.2,0,0.2,TRUE,200,2543,0,0,58,0
148,2,50,1,0.3,-1,0.2,0.2,0.2,4,0.2,0,0.2,TRUE,200,2544,0,0,57,0
149,2,50,1,0.3,-1,0.2,0.2,0.2,4,0.2,0,0.2,TRUE,200,2448,28,0,125,0
150,2,50,1,0.3,-1,0.2,0.2,0.2,4,0.2,0,0.2,TRUE,200,2572,0,0,29,0
151,2,50,1,0.3,-1,0.2,0.2,0.2,4,0.2,0,0.2,TRUE,200,2363,82,0,156,0
152,2,50,1,0.3,-1,0.2,0.2,0.2,4,0.2,0,0.2,TRUE,200,2461,59,0,81,0
153,2,50,1,0.3,-1,0.2,0.2,0.2,4,0.2,0,0.2,TRUE,200,2564,0,0,37,0
154,2,50,1,0.3,-1,0.2,0.2,0.2,4,0.2,0,0.2,TRUE,200,2552,0,0,49,0
156,2,50,1,0.3,-1,0.2,0.2,0.2,4,0.2,0,0.2,TRUE,200,2518,0,0,83,0
155,2,50,1,0.3,-1,0.2,0.2,0.2,4,0.2,0,0.2,TRUE,200,2417,47,0,137,0
157,2,50,1,0.3,-1,0.2,0.2,0.2,4,0.2,0,0.2,TRUE,200,2527,0,0,74,0
158,2,50,1,0.3,-1,0.2,0.2,0.2,4,0.2,0,0.2,TRUE,200,2551,0,0,50,0
160,2,50,1,0.3,-1,0.2,0.2,0.2,4,0.2,0,0.2,TRUE,200,2296,271,0,34,0
159,2,50,1,0.3,-1,0.2,0.2,0.2,4,0.2,0,0.2,TRUE,200,2543,0,0,58,0
162,2,50,1,0.3,-1,0.2,0.2,0.2,4,0.2,0,0.2,TRUE,200,2585,0,0,16,0
161,2,50,1,0.3,-1,0.2,0.2,0.2,4,0.2,0,0.2,TRUE,200,2335,80,0,186,0
163,2,50,1,0.3,-1,0.2,0.2,0.2,4,0.2,0,0.2,TRUE,200,2563,0,0,38,0
165,2,50,1,0.3,-1,0.2,0.2,0.2,4,0.2,0,0.2,TRUE,200,2556,0,0,45,0
164,2,50,1,0.3,-1,0.2,0.2,0.2,4,0.2,0,0.2,TRUE,200,2554,0,0,47,0
166,2,50,1,0.3,-1,0.2,0.2,0.2,4,0.2,0,0.2,TRUE,200,2557,0,0,44,0
167,2,50,1,0.3,-1,0.2,0.2,0.2,4,0.2,0,0.2,TRUE,200,2460,21,0,120,0
168,2,50,1,0.3,-1,0.2,0.2,0.2,4,0.2,0,0.2,TRUE,200,2295,101,0,205,0
170,2,50,1,0.3,-1,0.2,0.2,0.2,4,0.2,0,0.2,TRUE,200,2382,99,0,120,0
169,2,50,1,0.3,-1,0.2,0.2,0.2,4,0.2,0,0.2,TRUE,200,2567,0,0,34,0
171,2,50,1,0.3,-1,0.2,0.2,0.2,4,0.2,0,0.2,TRUE,200,2525,12,0,64,0
172,2,50,1,0.3,-1,0.2,0.2,0.2,4,0.2,0,0.2,TRUE,200,2542,0,0,59,0
174,2,50,1,0.3,-1,0.2,0.2,0.2,4,0.2,0,0.2,TRUE,200,2448,24,0,129,0
175,2,50,1,0.3,-1,0.2,0.2,0.2,4,0.2,0,0.2,TRUE,200,2445,60,0,96,0
173,2,50,1,0.3,-1,0.2,0.2,0.2,4,0.2,0,0.2,TRUE,200,2382,34,0,185,0
176,2,50,1,0.3,-1,0.2,0.2,0.2,4,0.2,0,0.2,TRUE,200,2512,0,0,89,0
178,2,50,1,0.3,-1,0.2,0.2,0.2,4,0.2,0,0.2,TRUE,200,2535,0,0,66,0
177,2,50,1,0.3,-1,0.2,0.2,0.2,4,0.2,0,0.2,TRUE,200,2552,0,0,49,0
179,2,50,1,0.3,-1,0.2,0.2,0.2,4,0.2,0,0.2,TRUE,200,2378,86,0,137,0
180,2,50,1,0.3,-1,0.2,0.2,0.2,4,0.2,0,0.2,TRUE,200,2555,0,0,46,0
181,2,50,1,0.3,-1,0.2,0.2,0.2,4,0.2,0,0.2,TRUE,200,2511,13,0,77,0
182,2,50,1,0.3,-1,0.2,0.2,0.2,4,0.2,0,0.2,TRUE,200,2359,151,0,91,0
184,2,50,1,0.3,-1,0.2,0.2,0.2,4,0.2,0,0.2,TRUE,200,2180,290,0,131,0
186,2,50,1,0.3,-1,0.2,0.2,0.2,4,0.2,0,0.2,TRUE,200,2522,0,0,79,0
183,2,50,1,0.3,-1,0.2,0.2,0.2,4,0.2,0,0.2,TRUE,200,2513,0,0,88,0
185,2,50,1,0.3,-1,0.2,0.2,0.2,4,0.2,0,0.2,TRUE,200,2417,83,0,101,0
187,2,50,1,0.3,-1,0.2,0.2,0.2,4,0.2,0,0.2,TRUE,200,2437,76,0,88,0
188,2,50,1,0.3,-1,0.2,0.2,0.2,4,0.2,0,0.2,TRUE,200,2491,14,0,96,0
190,2,50,1,0.3,-1,0.2,0.2,0.2,4,0.2,0,0.2,TRUE,200,2500,0,0,101,0
189,2,50,1,0.3,-1,0.2,0.2,0.2,4,0.2,0,0.2,TRUE,200,2452,70,0,79,0
192,2,50,1,0.3,-1,0.2,0.2,0.2,4,0.2,0,0.2,TRUE,200,2197,129,0,275,0
191,2,50,1,0.3,-1,0.2,0.2,0.2,4,0.2,0,0.2,TRUE,200,2551,0,0,50,0
194,2,50,1,0.3,-1,0.2,0.2,0.2,4,0.2,0,0.2,TRUE,200,2579,0,0,22,0
193,2,50,1,0.3,-1,0.2,0.2,0.2,4,0.2,0,0.2,TRUE,200,2320,136,0,145,0
195,2,50,1,0.3,-1,0.2,0.2,0.2,4,0.2,0,0.2,TRUE,200,2357,41,0,203,0
196,2,50,1,0.3,-1,0.2,0.2,0.2,4,0.2,0,0.2,TRUE,200,2549,0,0,52,0
197,2,50,1,0.3,-1,0.2,0.2,0.2,4,0.2,0,0.2,TRUE,200,2420,21,0,160,0
198,2,50,1,0.3,-1,0.2,0.2,0.2,4,0.2,0,0.2,TRUE,200,2442,53,0,106,0
199,2,50,1,0.3,-1,0.2,0.2,0.2,4,0.2,0,0.2,TRUE,200,2566,0,0,35,0
200,2,50,1,0.3,-1,0.2,0.2,0.2,4,0.2,0,0.2,TRUE,200,2340,129,0,132,0
203,2,50,1,0.4,-1,0.2,0.2,0.2,4,0.2,0,0.2,TRUE,200,2181,0,0,420,0
201,2,50,1,0.4,-1,0.2,0.2,0.2,4,0.2,0,0.2,TRUE,200,2105,0,0,496,0
205,2,50,1,0.4,-1,0.2,0.2,0.2,4,0.2,0,0.2,TRUE,200,2141,0,0,460,0
202,2,50,1,0.4,-1,0.2,0.2,0.2,4,0.2,0,0.2,TRUE,200,2160,0,0,441,0
204,2,50,1,0.4,-1,0.2,0.2,0.2,4,0.2,0,0.2,TRUE,200,2122,0,0,479,0
206,2,50,1,0.4,-1,0.2,0.2,0.2,4,0.2,0,0.2,TRUE,200,2138,0,0,463,0
207,2,50,1,0.4,-1,0.2,0.2,0.2,4,0.2,0,0.2,TRUE,200,2157,0,0,444,0
208,2,50,1,0.4,-1,0.2,0.2,0.2,4,0.2,0,0.2,TRUE,200,2097,0,0,504,0
209,2,50,1,0.4,-1,0.2,0.2,0.2,4,0.2,0,0.2,TRUE,200,2132,0,0,469,0
210,2,50,1,0.4,-1,0.2,0.2,0.2,4,0.2,0,0.2,TRUE,200,2134,0,0,467,0
211,2,50,1,0.4,-1,0.2,0.2,0.2,4,0.2,0,0.2,TRUE,200,2102,0,0,499,0
213,2,50,1,0.4,-1,0.2,0.2,0.2,4,0.2,0,0.2,TRUE,200,2211,0,0,390,0
212,2,50,1,0.4,-1,0.2,0.2,0.2,4,0.2,0,0.2,TRUE,200,2251,0,0,350,0
214,2,50,1,0.4,-1,0.2,0.2,0.2,4,0.2,0,0.2,TRUE,200,2116,0,0,485,0
215,2,50,1,0.4,-1,0.2,0.2,0.2,4,0.2,0,0.2,TRUE,200,2144,0,0,457,0
216,2,50,1,0.4,-1,0.2,0.2,0.2,4,0.2,0,0.2,TRUE,200,2147,0,0,454,0
217,2,50,1,0.4,-1,0.2,0.2,0.2,4,0.2,0,0.2,TRUE,200,2195,0,0,406,0
219,2,50,1,0.4,-1,0.2,0.2,0.2,4,0.2,0,0.2,TRUE,200,2201,0,0,400,0
218,2,50,1,0.4,-1,0.2,0.2,0.2,4,0.2,0,0.2,TRUE,200,2140,0,0,461,0
220,2,50,1,0.4,-1,0.2,0.2,0.2,4,0.2,0,0.2,TRUE,200,2167,0,0,434,0
222,2,50,1,0.4,-1,0.2,0.2,0.2,4,0.2,0,0.2,TRUE,200,2191,0,0,410,0
221,2,50,1,0.4,-1,0.2,0.2,0.2,4,0.2,0,0.2,TRUE,200,2162,0,0,439,0
223,2,50,1,0.4,-1,0.2,0.2,0.2,4,0.2,0,0.2,TRUE,200,2166,0,0,435,0
224,2,50,1,0.4,-1,0.2,0.2,0.2,4,0.2,0,0.2,TRUE,200,2039,0,0,562,0
225,2,50,1,0.4,-1,0.2,0.2,0.2,4,0.2,0,0.2,TRUE,200,2112,0,0,489,0
226,2,50,1,0.4,-1,0.2,0.2,0.2,4,0.2,0,0.2,TRUE,200,2234,0,0,367,0
227,2,50,1,0.4,-1,0.2,0.2,0.2,4,0.2,0,0.2,TRUE,200,2205,0,0,396,0
228,2,50,1,0.4,-1,0.2,0.2,0.2,4,0.2,0,0.2,TRUE,200,2177,0,0,424,0
229,2,50,1,0.4,-1,0.2,0.2,0.2,4,0.2,0,0.2,TRUE,200,2204,0,0,397,0
231,2,50,1,0.4,-1,0.2,0.2,0.2,4,0.2,0,0.2,TRUE,200,2170,0,0,431,0
230,2,50,1,0.4,-1,0.2,0.2,0.2,4,0.2,0,0.2,TRUE,200,2126,0,0,475,0
232,2,50,1,0.4,-1,0.2,0.2,0.2,4,0.2,0,0.2,TRUE,200,2092,0,0,509,0
233,2,50,1,0.4,-1,0.2,0.2,0.2,4,0.2,0,0.2,TRUE,200,2148,0,0,453,0
234,2,50,1,0.4,-1,0.2,0.2,0.2,4,0.2,0,0.2,TRUE,200,2157,0,0,444,0
236,2,50,1,0.4,-1,0.2,0.2,0.2,4,0.2,0,0.2,TRUE,200,2125,0,0,476,0
235,2,50,1,0.4,-1,0.2,0.2,0.2,4,0.2,0,0.2,TRUE,200,2170,0,0,431,0
237,2,50,1,0.4,-1,0.2,0.2,0.2,4,0.2,0,0.2,TRUE,200,2136,0,0,465,0
238,2,50,1,0.4,-1,0.2,0.2,0.2,4,0.2,0,0.2,TRUE,200,2156,0,0,445,0
241,2,50,1,0.4,-1,0.2,0.2,0.2,4,0.2,0,0.2,TRUE,200,2204,0,0,397,0
240,2,50,1,0.4,-1,0.2,0.2,0.2,4,0.2,0,0.2,TRUE,200,2252,0,0,349,0
239,2,50,1,0.4,-1,0.2,0.2,0.2,4,0.2,0,0.2,TRUE,200,2150,0,0,451,0
242,2,50,1,0.4,-1,0.2,0.2,0.2,4,0.2,0,0.2,TRUE,200,2111,0,0,490,0
243,2,50,1,0.4,-1,0.2,0.2,0.2,4,0.2,0,0.2,TRUE,200,2081,0,0,520,0
244,2,50,1,0.4,-1,0.2,0.2,0.2,4,0.2,0,0.2,TRUE,200,2204,0,0,397,0
245,2,50,1,0.4,-1,0.2,0.2,0.2,4,0.2,0,0.2,TRUE,200,2136,0,0,465,0
246,2,50,1,0.4,-1,0.2,0.2,0.2,4,0.2,0,0.2,TRUE,200,2187,0,0,414,0
247,2,50,1,0.4,-1,0.2,0.2,0.2,4,0.2,0,0.2,TRUE,200,2147,0,0,454,0
248,2,50,1,0.4,-1,0.2,0.2,0.2,4,0.2,0,0.2,TRUE,200,2159,0,0,442,0
250,2,50,1,0.4,-1,0.2,0.2,0.2,4,0.2,0,0.2,TRUE,200,2188,0,0,413,0
249,2,50,1,0.4,-1,0.2,0.2,0.2,4,0.2,0,0.2,TRUE,200,2126,0,0,475,0
251,2,50,1,0.4,-1,0.2,0.2,0.2,4,0.2,0,0.2,TRUE,200,2160,0,0,441,0
252,2,50,1,0.4,-1,0.2,0.2,0.2,4,0.2,0,0.2,TRUE,200,2125,0,0,476,0
253,2,50,1,0.4,-1,0.2,0.2,0.2,4,0.2,0,0.2,TRUE,200,2096,0,0,505,0
254,2,50,1,0.4,-1,0.2,0.2,0.2,4,0.2,0,0.2,TRUE,200,2116,0,0,485,0
255,2,50,1,0.4,-1,0.2,0.2,0.2,4,0.2,0,0.2,TRUE,200,2156,0,0,445,0
256,2,50,1,0.4,-1,0.2,0.2,0.2,4,0.2,0,0.2,TRUE,200,2114,0,0,487,0
257,2,50,1,0.4,-1,0.2,0.2,0.2,4,0.2,0,0.2,TRUE,200,2126,0,0,475,0
259,2,50,1,0.4,-1,0.2,0.2,0.2,4,0.2,0,0.2,TRUE,200,2222,0,0,379,0
260,2,50,1,0.4,-1,0.2,0.2,0.2,4,0.2,0,0.2,TRUE,200,2193,0,0,408,0
258,2,50,1,0.4,-1,0.2,0.2,0.2,4,0.2,0,0.2,TRUE,200,2054,0,0,547,0
261,2,50,1,0.4,-1,0.2,0.2,0.2,4,0.2,0,0.2,TRUE,200,2128,0,0,473,0
263,2,50,1,0.4,-1,0.2,0.2,0.2,4,0.2,0,0.2,TRUE,200,2130,0,0,471,0
262,2,50,1,0.4,-1,0.2,0.2,0.2,4,0.2,0,0.2,TRUE,200,2154,0,0,447,0
264,2,50,1,0.4,-1,0.2,0.2,0.2,4,0.2,0,0.2,TRUE,200,2178,0,0,423,0
265,2,50,1,0.4,-1,0.2,0.2,0.2,4,0.2,0,0.2,TRUE,200,2206,0,0,395,0
266,2,50,1,0.4,-1,0.2,0.2,0.2,4,0.2,0,0.2,TRUE,200,2173,0,0,428,0
267,2,50,1,0.4,-1,0.2,0.2,0.2,4,0.2,0,0.2,TRUE,200,2166,0,0,435,0
268,2,50,1,0.4,-1,0.2,0.2,0.2,4,0.2,0,0.2,TRUE,200,2209,0,0,392,0
269,2,50,1,0.4,-1,0.2,0.2,0.2,4,0.2,0,0.2,TRUE,200,2102,0,0,499,0
270,2,50,1,0.4,-1,0.2,0.2,0.2,4,0.2,0,0.2,TRUE,200,2193,0,0,408,0
271,2,50,1,0.4,-1,0.2,0.2,0.2,4,0.2,0,0.2,TRUE,200,2147,0,0,454,0
272,2,50,1,0.4,-1,0.2,0.2,0.2,4,0.2,0,0.2,TRUE,200,2141,0,0,460,0
273,2,50,1,0.4,-1,0.2,0.2,0.2,4,0.2,0,0.2,TRUE,200,2144,0,0,457,0
274,2,50,1,0.4,-1,0.2,0.2,0.2,4,0.2,0,0.2,TRUE,200,2212,0,0,389,0
275,2,50,1,0.4,-1,0.2,0.2,0.2,4,0.2,0,0.2,TRUE,200,2124,0,0,477,0
277,2,50,1,0.4,-1,0.2,0.2,0.2,4,0.2,0,0.2,TRUE,200,2189,0,0,412,0
276,2,50,1,0.4,-1,0.2,0.2,0.2,4,0.2,0,0.2,TRUE,200,2239,0,0,362,0
278,2,50,1,0.4,-1,0.2,0.2,0.2,4,0.2,0,0.2,TRUE,200,2168,0,0,433,0
279,2,50,1,0.4,-1,0.2,0.2,0.2,4,0.2,0,0.2,TRUE,200,2113,0,0,488,0
281,2,50,1,0.4,-1,0.2,0.2,0.2,4,0.2,0,0.2,TRUE,200,2129,0,0,472,0
280,2,50,1,0.4,-1,0.2,0.2,0.2,4,0.2,0,0.2,TRUE,200,2112,0,0,489,0
282,2,50,1,0.4,-1,0.2,0.2,0.2,4,0.2,0,0.2,TRUE,200,2141,0,0,460,0
283,2,50,1,0.4,-1,0.2,0.2,0.2,4,0.2,0,0.2,TRUE,200,2112,0,0,489,0
284,2,50,1,0.4,-1,0.2,0.2,0.2,4,0.2,0,0.2,TRUE,200,2195,0,0,406,0
286,2,50,1,0.4,-1,0.2,0.2,0.2,4,0.2,0,0.2,TRUE,200,2154,0,0,447,0
285,2,50,1,0.4,-1,0.2,0.2,0.2,4,0.2,0,0.2,TRUE,200,2189,0,0,412,0
287,2,50,1,0.4,-1,0.2,0.2,0.2,4,0.2,0,0.2,TRUE,200,2096,0,0,505,0
288,2,50,1,0.4,-1,0.2,0.2,0.2,4,0.2,0,0.2,TRUE,200,2153,0,0,448,0
289,2,50,1,0.4,-1,0.2,0.2,0.2,4,0.2,0,0.2,TRUE,200,2119,0,0,482,0
290,2,50,1,0.4,-1,0.2,0.2,0.2,4,0.2,0,0.2,TRUE,200,2161,0,0,440,0
291,2,50,1,0.4,-1,0.2,0.2,0.2,4,0.2,0,0.2,TRUE,200,2129,0,0,472,0
292,2,50,1,0.4,-1,0.2,0.2,0.2,4,0.2,0,0.2,TRUE,200,2198,0,0,403,0
293,2,50,1,0.4,-1,0.2,0.2,0.2,4,0.2,0,0.2,TRUE,200,2208,0,0,393,0
294,2,50,1,0.4,-1,0.2,0.2,0.2,4,0.2,0,0.2,TRUE,200,2145,0,0,456,0
295,2,50,1,0.4,-1,0.2,0.2,0.2,4,0.2,0,0.2,TRUE,200,2177,0,0,424,0
296,2,50,1,0.4,-1,0.2,0.2,0.2,4,0.2,0,0.2,TRUE,200,2116,0,0,485,0
297,2,50,1,0.4,-1,0.2,0.2,0.2,4,0.2,0,0.2,TRUE,200,2135,0,0,466,0
298,2,50,1,0.4,-1,0.2,0.2,0.2,4,0.2,0,0.2,TRUE,200,2153,0,0,448,0
299,2,50,1,0.4,-1,0.2,0.2,0.2,4,0.2,0,0.2,TRUE,200,2126,0,0,475,0
300,2,50,1,0.4,-1,0.2,0.2,0.2,4,0.2,0,0.2,TRUE,200,2199,0,0,402,0
301,2,50,1,0.5,-1,0.2,0.2,0.2,4,0.2,0,0.2,TRUE,200,1678,0,0,923,0
304,2,50,1,0.5,-1,0.2,0.2,0.2,4,0.2,0,0.2,TRUE,200,1618,0,0,983,0
303,2,50,1,0.5,-1,0.2,0.2,0.2,4,0.2,0,0.2,TRUE,200,1585,0,0,1016,0
305,2,50,1,0.5,-1,0.2,0.2,0.2,4,0.2,0,0.2,TRUE,200,1653,0,0,948,0
302,2,50,1,0.5,-1,0.2,0.2,0.2,4,0.2,0,0.2,TRUE,200,1670,0,0,931,0
306,2,50,1,0.5,-1,0.2,0.2,0.2,4,0.2,0,0.2,TRUE,200,1588,0,0,1013,0
307,2,50,1,0.5,-1,0.2,0.2,0.2,4,0.2,0,0.2,TRUE,200,1542,0,0,1059,0
308,2,50,1,0.5,-1,0.2,0.2,0.2,4,0.2,0,0.2,TRUE,200,1652,0,0,949,0
309,2,50,1,0.5,-1,0.2,0.2,0.2,4,0.2,0,0.2,TRUE,200,1692,0,0,909,0
310,2,50,1,0.5,-1,0.2,0.2,0.2,4,0.2,0,0.2,TRUE,200,1576,0,0,1025,0
311,2,50,1,0.5,-1,0.2,0.2,0.2,4,0.2,0,0.2,TRUE,200,1630,0,0,971,0
312,2,50,1,0.5,-1,0.2,0.2,0.2,4,0.2,0,0.2,TRUE,200,1639,0,0,962,0
314,2,50,1,0.5,-1,0.2,0.2,0.2,4,0.2,0,0.2,TRUE,200,1553,0,0,1048,0
315,2,50,1,0.5,-1,0.2,0.2,0.2,4,0.2,0,0.2,TRUE,200,1631,0,0,970,0
313,2,50,1,0.5,-1,0.2,0.2,0.2,4,0.2,0,0.2,TRUE,200,1699,0,0,902,0
316,2,50,1,0.5,-1,0.2,0.2,0.2,4,0.2,0,0.2,TRUE,200,1628,0,0,973,0
317,2,50,1,0.5,-1,0.2,0.2,0.2,4,0.2,0,0.2,TRUE,200,1645,0,0,956,0
318,2,50,1,0.5,-1,0.2,0.2,0.2,4,0.2,0,0.2,TRUE,200,1710,0,0,891,0
319,2,50,1,0.5,-1,0.2,0.2,0.2,4,0.2,0,0.2,TRUE,200,1697,0,0,904,0
320,2,50,1,0.5,-1,0.2,0.2,0.2,4,0.2,0,0.2,TRUE,200,1675,0,0,926,0
321,2,50,1,0.5,-1,0.2,0.2,0.2,4,0.2,0,0.2,TRUE,200,1668,0,0,933,0
322,2,50,1,0.5,-1,0.2,0.2,0.2,4,0.2,0,0.2,TRUE,200,1653,0,0,948,0
323,2,50,1,0.5,-1,0.2,0.2,0.2,4,0.2,0,0.2,TRUE,200,1670,0,0,931,0
324,2,50,1,0.5,-1,0.2,0.2,0.2,4,0.2,0,0.2,TRUE,200,1590,0,0,1011,0
325,2,50,1,0.5,-1,0.2,0.2,0.2,4,0.2,0,0.2,TRUE,200,1618,0,0,983,0
326,2,50,1,0.5,-1,0.2,0.2,0.2,4,0.2,0,0.2,TRUE,200,1714,0,0,887,0
327,2,50,1,0.5,-1,0.2,0.2,0.2,4,0.2,0,0.2,TRUE,200,1639,0,0,962,0
329,2,50,1,0.5,-1,0.2,0.2,0.2,4,0.2,0,0.2,TRUE,200,1639,0,0,962,0
328,2,50,1,0.5,-1,0.2,0.2,0.2,4,0.2,0,0.2,TRUE,200,1662,0,0,939,0
330,2,50,1,0.5,-1,0.2,0.2,0.2,4,0.2,0,0.2,TRUE,200,1538,0,0,1063,0
333,2,50,1,0.5,-1,0.2,0.2,0.2,4,0.2,0,0.2,TRUE,200,1624,0,0,977,0
332,2,50,1,0.5,-1,0.2,0.2,0.2,4,0.2,0,0.2,TRUE,200,1625,0,0,976,0
331,2,50,1,0.5,-1,0.2,0.2,0.2,4,0.2,0,0.2,TRUE,200,1648,0,0,953,0
334,2,50,1,0.5,-1,0.2,0.2,0.2,4,0.2,0,0.2,TRUE,200,1654,0,0,947,0
335,2,50,1,0.5,-1,0.2,0.2,0.2,4,0.2,0,0.2,TRUE,200,1568,0,0,1033,0
337,2,50,1,0.5,-1,0.2,0.2,0.2,4,0.2,0,0.2,TRUE,200,1614,0,0,987,0
336,2,50,1,0.5,-1,0.2,0.2,0.2,4,0.2,0,0.2,TRUE,200,1653,0,0,948,0
338,2,50,1,0.5,-1,0.2,0.2,0.2,4,0.2,0,0.2,TRUE,200,1675,0,0,926,0
339,2,50,1,0.5,-1,0.2,0.2,0.2,4,0.2,0,0.2,TRUE,200,1621,0,0,980,0
340,2,50,1,0.5,-1,0.2,0.2,0.2,4,0.2,0,0.2,TRUE,200,1682,0,0,919,0
341,2,50,1,0.5,-1,0.2,0.2,0.2,4,0.2,0,0.2,TRUE,200,1666,0,0,935,0
342,2,50,1,0.5,-1,0.2,0.2,0.2,4,0.2,0,0.2,TRUE,200,1664,0,0,937,0
344,2,50,1,0.5,-1,0.2,0.2,0.2,4,0.2,0,0.2,TRUE,200,1625,0,0,976,0
345,2,50,1,0.5,-1,0.2,0.2,0.2,4,0.2,0,0.2,TRUE,200,1604,0,0,997,0
343,2,50,1,0.5,-1,0.2,0.2,0.2,4,0.2,0,0.2,TRUE,200,1564,0,0,1037,0
346,2,50,1,0.5,-1,0.2,0.2,0.2,4,0.2,0,0.2,TRUE,200,1599,0,0,1002,0
347,2,50,1,0.5,-1,0.2,0.2,0.2,4,0.2,0,0.2,TRUE,200,1657,0,0,944,0
348,2,50,1,0.5,-1,0.2,0.2,0.2,4,0.2,0,0.2,TRUE,200,1604,0,0,997,0
350,2,50,1,0.5,-1,0.2,0.2,0.2,4,0.2,0,0.2,TRUE,200,1649,0,0,952,0
349,2,50,1,0.5,-1,0.2,0.2,0.2,4,0.2,0,0.2,TRUE,200,1659,0,0,942,0
352,2,50,1,0.5,-1,0.2,0.2,0.2,4,0.2,0,0.2,TRUE,200,1644,0,0,957,0
351,2,50,1,0.5,-1,0.2,0.2,0.2,4,0.2,0,0.2,TRUE,200,1654,0,0,947,0
353,2,50,1,0.5,-1,0.2,0.2,0.2,4,0.2,0,0.2,TRUE,200,1635,0,0,966,0
354,2,50,1,0.5,-1,0.2,0.2,0.2,4,0.2,0,0.2,TRUE,200,1612,0,0,989,0
355,2,50,1,0.5,-1,0.2,0.2,0.2,4,0.2,0,0.2,TRUE,200,1583,0,0,1018,0
356,2,50,1,0.5,-1,0.2,0.2,0.2,4,0.2,0,0.2,TRUE,200,1571,0,0,1030,0
357,2,50,1,0.5,-1,0.2,0.2,0.2,4,0.2,0,0.2,TRUE,200,1676,0,0,925,0
359,2,50,1,0.5,-1,0.2,0.2,0.2,4,0.2,0,0.2,TRUE,200,1632,0,0,969,0
358,2,50,1,0.5,-1,0.2,0.2,0.2,4,0.2,0,0.2,TRUE,200,1686,0,0,915,0
360,2,50,1,0.5,-1,0.2,0.2,0.2,4,0.2,0,0.2,TRUE,200,1660,0,0,941,0
361,2,50,1,0.5,-1,0.2,0.2,0.2,4,0.2,0,0.2,TRUE,200,1636,0,0,965,0
362,2,50,1,0.5,-1,0.2,0.2,0.2,4,0.2,0,0.2,TRUE,200,1646,0,0,955,0
363,2,50,1,0.5,-1,0.2,0.2,0.2,4,0.2,0,0.2,TRUE,200,1571,0,0,1030,0
364,2,50,1,0.5,-1,0.2,0.2,0.2,4,0.2,0,0.2,TRUE,200,1644,0,0,957,0
365,2,50,1,0.5,-1,0.2,0.2,0.2,4,0.2,0,0.2,TRUE,200,1557,0,0,1044,0
366,2,50,1,0.5,-1,0.2,0.2,0.2,4,0.2,0,0.2,TRUE,200,1600,0,0,1001,0
368,2,50,1,0.5,-1,0.2,0.2,0.2,4,0.2,0,0.2,TRUE,200,1587,0,0,1014,0
369,2,50,1,0.5,-1,0.2,0.2,0.2,4,0.2,0,0.2,TRUE,200,1627,0,0,974,0
371,2,50,1,0.5,-1,0.2,0.2,0.2,4,0.2,0,0.2,TRUE,200,1641,0,0,960,0
370,2,50,1,0.5,-1,0.2,0.2,0.2,4,0.2,0,0.2,TRUE,200,1643,0,0,958,0
367,2,50,1,0.5,-1,0.2,0.2,0.2,4,0.2,0,0.2,TRUE,200,1586,0,0,1015,0
372,2,50,1,0.5,-1,0.2,0.2,0.2,4,0.2,0,0.2,TRUE,200,1668,0,0,933,0
373,2,50,1,0.5,-1,0.2,0.2,0.2,4,0.2,0,0.2,TRUE,200,1634,0,0,967,0
374,2,50,1,0.5,-1,0.2,0.2,0.2,4,0.2,0,0.2,TRUE,200,1579,0,0,1022,0
377,2,50,1,0.5,-1,0.2,0.2,0.2,4,0.2,0,0.2,TRUE,200,1615,0,0,986,0
375,2,50,1,0.5,-1,0.2,0.2,0.2,4,0.2,0,0.2,TRUE,200,1619,0,0,982,0
376,2,50,1,0.5,-1,0.2,0.2,0.2,4,0.2,0,0.2,TRUE,200,1708,0,0,893,0
378,2,50,1,0.5,-1,0.2,0.2,0.2,4,0.2,0,0.2,TRUE,200,1638,0,0,963,0
380,2,50,1,0.5,-1,0.2,0.2,0.2,4,0.2,0,0.2,TRUE,200,1722,0,0,879,0
379,2,50,1,0.5,-1,0.2,0.2,0.2,4,0.2,0,0.2,TRUE,200,1674,0,0,927,0
381,2,50,1,0.5,-1,0.2,0.2,0.2,4,0.2,0,0.2,TRUE,200,1626,0,0,975,0
382,2,50,1,0.5,-1,0.2,0.2,0.2,4,0.2,0,0.2,TRUE,200,1638,0,0,963,0
383,2,50,1,0.5,-1,0.2,0.2,0.2,4,0.2,0,0.2,TRUE,200,1657,0,0,944,0
384,2,50,1,0.5,-1,0.2,0.2,0.2,4,0.2,0,0.2,TRUE,200,1670,0,0,931,0
385,2,50,1,0.5,-1,0.2,0.2,0.2,4,0.2,0,0.2,TRUE,200,1679,0,0,922,0
386,2,50,1,0.5,-1,0.2,0.2,0.2,4,0.2,0,0.2,TRUE,200,1667,0,0,934,0
387,2,50,1,0.5,-1,0.2,0.2,0.2,4,0.2,0,0.2,TRUE,200,1661,0,0,940,0
388,2,50,1,0.5,-1,0.2,0.2,0.2,4,0.2,0,0.2,TRUE,200,1663,0,0,938,0
389,2,50,1,0.5,-1,0.2,0.2,0.2,4,0.2,0,0.2,TRUE,200,1679,0,0,922,0
390,2,50,1,0.5,-1,0.2,0.2,0.2,4,0.2,0,0.2,TRUE,200,1668,0,0,933,0
391,2,50,1,0.5,-1,0.2,0.2,0.2,4,0.2,0,0.2,TRUE,200,1604,0,0,997,0
392,2,50,1,0.5,-1,0.2,0.2,0.2,4,0.2,0,0.2,TRUE,200,1560,0,0,1041,0
393,2,50,1,0.5,-1,0.2,0.2,0.2,4,0.2,0,0.2,TRUE,200,1641,0,0,960,0
395,2,50,1,0.5,-1,0.2,0.2,0.2,4,0.2,0,0.2,TRUE,200,1594,0,0,1007,0
394,2,50,1,0.5,-1,0.2,0.2,0.2,4,0.2,0,0.2,TRUE,200,1579,0,0,1022,0
397,2,50,1,0.5,-1,0.2,0.2,0.2,4,0.2,0,0.2,TRUE,200,1622,0,0,979,0
396,2,50,1,0.5,-1,0.2,0.2,0.2,4,0.2,0,0.2,TRUE,200,1640,0,0,961,0
398,2,50,1,0.5,-1,0.2,0.2,0.2,4,0.2,0,0.2,TRUE,200,1607,0,0,994,0
399,2,50,1,0.5,-1,0.2,0.2,0.2,4,0.2,0,0.2,TRUE,200,1583,0,0,1018,0
401,2,50,1,0.6,-1,0.2,0.2,0.2,4,0.2,0,0.2,TRUE,200,1167,0,0,1434,0
400,2,50,1,0.5,-1,0.2,0.2,0.2,4,0.2,0,0.2,TRUE,200,1615,0,0,986,0
402,2,50,1,0.6,-1,0.2,0.2,0.2,4,0.2,0,0.2,TRUE,200,1128,0,0,1473,0
403,2,50,1,0.6,-1,0.2,0.2,0.2,4,0.2,0,0.2,TRUE,200,1144,0,0,1457,0
404,2,50,1,0.6,-1,0.2,0.2,0.2,4,0.2,0,0.2,TRUE,200,1112,0,0,1489,0
405,2,50,1,0.6,-1,0.2,0.2,0.2,4,0.2,0,0.2,TRUE,200,1118,0,0,1483,0
406,2,50,1,0.6,-1,0.2,0.2,0.2,4,0.2,0,0.2,TRUE,200,1174,0,0,1427,0
407,2,50,1,0.6,-1,0.2,0.2,0.2,4,0.2,0,0.2,TRUE,200,1174,0,0,1427,0
408,2,50,1,0.6,-1,0.2,0.2,0.2,4,0.2,0,0.2,TRUE,200,1083,0,0,1518,0
409,2,50,1,0.6,-1,0.2,0.2,0.2,4,0.2,0,0.2,TRUE,200,1124,0,0,1477,0
410,2,50,1,0.6,-1,0.2,0.2,0.2,4,0.2,0,0.2,TRUE,200,1082,0,0,1519,0
411,2,50,1,0.6,-1,0.2,0.2,0.2,4,0.2,0,0.2,TRUE,200,1059,0,0,1542,0
412,2,50,1,0.6,-1,0.2,0.2,0.2,4,0.2,0,0.2,TRUE,200,1222,0,0,1379,0
414,2,50,1,0.6,-1,0.2,0.2,0.2,4,0.2,0,0.2,TRUE,200,1046,0,0,1555,0
415,2,50,1,0.6,-1,0.2,0.2,0.2,4,0.2,0,0.2,TRUE,200,1097,0,0,1504,0
416,2,50,1,0.6,-1,0.2,0.2,0.2,4,0.2,0,0.2,TRUE,200,1095,0,0,1506,0
417,2,50,1,0.6,-1,0.2,0.2,0.2,4,0.2,0,0.2,TRUE,200,1156,0,0,1445,0
413,2,50,1,0.6,-1,0.2,0.2,0.2,4,0.2,0,0.2,TRUE,200,1148,0,0,1453,0
418,2,50,1,0.6,-1,0.2,0.2,0.2,4,0.2,0,0.2,TRUE,200,1085,0,0,1516,0
420,2,50,1,0.6,-1,0.2,0.2,0.2,4,0.2,0,0.2,TRUE,200,1087,0,0,1514,0
419,2,50,1,0.6,-1,0.2,0.2,0.2,4,0.2,0,0.2,TRUE,200,1157,0,0,1444,0
422,2,50,1,0.6,-1,0.2,0.2,0.2,4,0.2,0,0.2,TRUE,200,1118,0,0,1483,0
421,2,50,1,0.6,-1,0.2,0.2,0.2,4,0.2,0,0.2,TRUE,200,1115,0,0,1486,0
423,2,50,1,0.6,-1,0.2,0.2,0.2,4,0.2,0,0.2,TRUE,200,1174,0,0,1427,0
424,2,50,1,0.6,-1,0.2,0.2,0.2,4,0.2,0,0.2,TRUE,200,1131,0,0,1470,0
426,2,50,1,0.6,-1,0.2,0.2,0.2,4,0.2,0,0.2,TRUE,200,1169,0,0,1432,0
427,2,50,1,0.6,-1,0.2,0.2,0.2,4,0.2,0,0.2,TRUE,200,1155,0,0,1446,0
425,2,50,1,0.6,-1,0.2,0.2,0.2,4,0.2,0,0.2,TRUE,200,1139,0,0,1462,0
428,2,50,1,0.6,-1,0.2,0.2,0.2,4,0.2,0,0.2,TRUE,200,1147,0,0,1454,0
430,2,50,1,0.6,-1,0.2,0.2,0.2,4,0.2,0,0.2,TRUE,200,1161,0,0,1440,0
429,2,50,1,0.6,-1,0.2,0.2,0.2,4,0.2,0,0.2,TRUE,200,1125,0,0,1476,0
431,2,50,1,0.6,-1,0.2,0.2,0.2,4,0.2,0,0.2,TRUE,200,1093,0,0,1508,0
432,2,50,1,0.6,-1,0.2,0.2,0.2,4,0.2,0,0.2,TRUE,200,1069,0,0,1532,0
434,2,50,1,0.6,-1,0.2,0.2,0.2,4,0.2,0,0.2,TRUE,200,1174,0,0,1427,0
433,2,50,1,0.6,-1,0.2,0.2,0.2,4,0.2,0,0.2,TRUE,200,1101,0,0,1500,0
435,2,50,1,0.6,-1,0.2,0.2,0.2,4,0.2,0,0.2,TRUE,200,1124,0,0,1477,0
436,2,50,1,0.6,-1,0.2,0.2,0.2,4,0.2,0,0.2,TRUE,200,1155,0,0,1446,0
437,2,50,1,0.6,-1,0.2,0.2,0.2,4,0.2,0,0.2,TRUE,200,1141,0,0,1460,0
438,2,50,1,0.6,-1,0.2,0.2,0.2,4,0.2,0,0.2,TRUE,200,1216,0,0,1385,0
439,2,50,1,0.6,-1,0.2,0.2,0.2,4,0.2,0,0.2,TRUE,200,1184,0,0,1417,0
441,2,50,1,0.6,-1,0.2,0.2,0.2,4,0.2,0,0.2,TRUE,200,1131,0,0,1470,0
440,2,50,1,0.6,-1,0.2,0.2,0.2,4,0.2,0,0.2,TRUE,200,1113,0,0,1488,0
442,2,50,1,0.6,-1,0.2,0.2,0.2,4,0.2,0,0.2,TRUE,200,1103,0,0,1498,0
444,2,50,1,0.6,-1,0.2,0.2,0.2,4,0.2,0,0.2,TRUE,200,1076,0,0,1525,0
443,2,50,1,0.6,-1,0.2,0.2,0.2,4,0.2,0,0.2,TRUE,200,1169,0,0,1432,0
447,2,50,1,0.6,-1,0.2,0.2,0.2,4,0.2,0,0.2,TRUE,200,1176,0,0,1425,0
446,2,50,1,0.6,-1,0.2,0.2,0.2,4,0.2,0,0.2,TRUE,200,1139,0,0,1462,0
448,2,50,1,0.6,-1,0.2,0.2,0.2,4,0.2,0,0.2,TRUE,200,1128,0,0,1473,0
445,2,50,1,0.6,-1,0.2,0.2,0.2,4,0.2,0,0.2,TRUE,200,1152,0,0,1449,0
449,2,50,1,0.6,-1,0.2,0.2,0.2,4,0.2,0,0.2,TRUE,200,1163,0,0,1438,0
450,2,50,1,0.6,-1,0.2,0.2,0.2,4,0.2,0,0.2,TRUE,200,1163,0,0,1438,0
451,2,50,1,0.6,-1,0.2,0.2,0.2,4,0.2,0,0.2,TRUE,200,1204,0,0,1397,0
452,2,50,1,0.6,-1,0.2,0.2,0.2,4,0.2,0,0.2,TRUE,200,1157,0,0,1444,0
453,2,50,1,0.6,-1,0.2,0.2,0.2,4,0.2,0,0.2,TRUE,200,1125,0,0,1476,0
455,2,50,1,0.6,-1,0.2,0.2,0.2,4,0.2,0,0.2,TRUE,200,1087,0,0,1514,0
454,2,50,1,0.6,-1,0.2,0.2,0.2,4,0.2,0,0.2,TRUE,200,1154,0,0,1447,0
456,2,50,1,0.6,-1,0.2,0.2,0.2,4,0.2,0,0.2,TRUE,200,1057,0,0,1544,0
457,2,50,1,0.6,-1,0.2,0.2,0.2,4,0.2,0,0.2,TRUE,200,1087,0,0,1514,0
458,2,50,1,0.6,-1,0.2,0.2,0.2,4,0.2,0,0.2,TRUE,200,1166,0,0,1435,0
459,2,50,1,0.6,-1,0.2,0.2,0.2,4,0.2,0,0.2,TRUE,200,1147,0,0,1454,0
462,2,50,1,0.6,-1,0.2,0.2,0.2,4,0.2,0,0.2,TRUE,200,1106,0,0,1495,0
463,2,50,1,0.6,-1,0.2,0.2,0.2,4,0.2,0,0.2,TRUE,200,1120,0,0,1481,0
464,2,50,1,0.6,-1,0.2,0.2,0.2,4,0.2,0,0.2,TRUE,200,1083,0,0,1518,0
461,2,50,1,0.6,-1,0.2,0.2,0.2,4,0.2,0,0.2,TRUE,200,1174,0,0,1427,0
465,2,50,1,0.6,-1,0.2,0.2,0.2,4,0.2,0,0.2,TRUE,200,1155,0,0,1446,0
460,2,50,1,0.6,-1,0.2,0.2,0.2,4,0.2,0,0.2,TRUE,200,1038,0,0,1563,0
466,2,50,1,0.6,-1,0.2,0.2,0.2,4,0.2,0,0.2,TRUE,200,1123,0,0,1478,0
467,2,50,1,0.6,-1,0.2,0.2,0.2,4,0.2,0,0.2,TRUE,200,1194,0,0,1407,0
469,2,50,1,0.6,-1,0.2,0.2,0.2,4,0.2,0,0.2,TRUE,200,1161,0,0,1440,0
468,2,50,1,0.6,-1,0.2,0.2,0.2,4,0.2,0,0.2,TRUE,200,1099,0,0,1502,0
470,2,50,1,0.6,-1,0.2,0.2,0.2,4,0.2,0,0.2,TRUE,200,1086,0,0,1515,0
471,2,50,1,0.6,-1,0.2,0.2,0.2,4,0.2,0,0.2,TRUE,200,1159,0,0,1442,0
472,2,50,1,0.6,-1,0.2,0.2,0.2,4,0.2,0,0.2,TRUE,200,1118,0,0,1483,0
473,2,50,1,0.6,-1,0.2,0.2,0.2,4,0.2,0,0.2,TRUE,200,1122,0,0,1479,0
474,2,50,1,0.6,-1,0.2,0.2,0.2,4,0.2,0,0.2,TRUE,200,1119,0,0,1482,0
475,2,50,1,0.6,-1,0.2,0.2,0.2,4,0.2,0,0.2,TRUE,200,1189,0,0,1412,0
476,2,50,1,0.6,-1,0.2,0.2,0.2,4,0.2,0,0.2,TRUE,200,1159,0,0,1442,0
477,2,50,1,0.6,-1,0.2,0.2,0.2,4,0.2,0,0.2,TRUE,200,1122,0,0,1479,0
478,2,50,1,0.6,-1,0.2,0.2,0.2,4,0.2,0,0.2,TRUE,200,1103,0,0,1498,0
479,2,50,1,0.6,-1,0.2,0.2,0.2,4,0.2,0,0.2,TRUE,200,1129,0,0,1472,0
480,2,50,1,0.6,-1,0.2,0.2,0.2,4,0.2,0,0.2,TRUE,200,1125,0,0,1476,0
482,2,50,1,0.6,-1,0.2,0.2,0.2,4,0.2,0,0.2,TRUE,200,1221,0,0,1380,0
481,2,50,1,0.6,-1,0.2,0.2,0.2,4,0.2,0,0.2,TRUE,200,1178,0,0,1423,0
483,2,50,1,0.6,-1,0.2,0.2,0.2,4,0.2,0,0.2,TRUE,200,1105,0,0,1496,0
484,2,50,1,0.6,-1,0.2,0.2,0.2,4,0.2,0,0.2,TRUE,200,1107,0,0,1494,0
485,2,50,1,0.6,-1,0.2,0.2,0.2,4,0.2,0,0.2,TRUE,200,1070,0,0,1531,0
486,2,50,1,0.6,-1,0.2,0.2,0.2,4,0.2,0,0.2,TRUE,200,1079,0,0,1522,0
487,2,50,1,0.6,-1,0.2,0.2,0.2,4,0.2,0,0.2,TRUE,200,1158,0,0,1443,0
488,2,50,1,0.6,-1,0.2,0.2,0.2,4,0.2,0,0.2,TRUE,200,1085,0,0,1516,0
489,2,50,1,0.6,-1,0.2,0.2,0.2,4,0.2,0,0.2,TRUE,200,1057,0,0,1544,0
490,2,50,1,0.6,-1,0.2,0.2,0.2,4,0.2,0,0.2,TRUE,200,1102,0,0,1499,0
492,2,50,1,0.6,-1,0.2,0.2,0.2,4,0.2,0,0.2,TRUE,200,1088,0,0,1513,0
493,2,50,1,0.6,-1,0.2,0.2,0.2,4,0.2,0,0.2,TRUE,200,1085,0,0,1516,0
491,2,50,1,0.6,-1,0.2,0.2,0.2,4,0.2,0,0.2,TRUE,200,1157,0,0,1444,0
494,2,50,1,0.6,-1,0.2,0.2,0.2,4,0.2,0,0.2,TRUE,200,1129,0,0,1472,0
495,2,50,1,0.6,-1,0.2,0.2,0.2,4,0.2,0,0.2,TRUE,200,1120,0,0,1481,0
496,2,50,1,0.6,-1,0.2,0.2,0.2,4,0.2,0,0.2,TRUE,200,1169,0,0,1432,0
497,2,50,1,0.6,-1,0.2,0.2,0.2,4,0.2,0,0.2,TRUE,200,1170,0,0,1431,0
499,2,50,1,0.6,-1,0.2,0.2,0.2,4,0.2,0,0.2,TRUE,200,1153,0,0,1448,0
500,2,50,1,0.6,-1,0.2,0.2,0.2,4,0.2,0,0.2,TRUE,200,1135,0,0,1466,0
501,2,50,1,0.7,-1,0.2,0.2,0.2,4,0.2,0,0.2,TRUE,200,531,0,0,2070,0
498,2,50,1,0.6,-1,0.2,0.2,0.2,4,0.2,0,0.2,TRUE,200,1144,0,0,1457,0
502,2,50,1,0.7,-1,0.2,0.2,0.2,4,0.2,0,0.2,TRUE,200,526,0,0,2075,0
503,2,50,1,0.7,-1,0.2,0.2,0.2,4,0.2,0,0.2,TRUE,200,488,0,0,2113,0
504,2,50,1,0.7,-1,0.2,0.2,0.2,4,0.2,0,0.2,TRUE,200,512,0,0,2089,0
505,2,50,1,0.7,-1,0.2,0.2,0.2,4,0.2,0,0.2,TRUE,200,480,0,0,2121,0
506,2,50,1,0.7,-1,0.2,0.2,0.2,4,0.2,0,0.2,TRUE,200,431,0,0,2170,0
507,2,50,1,0.7,-1,0.2,0.2,0.2,4,0.2,0,0.2,TRUE,200,522,0,0,2079,0
508,2,50,1,0.7,-1,0.2,0.2,0.2,4,0.2,0,0.2,TRUE,200,513,0,0,2088,0
510,2,50,1,0.7,-1,0.2,0.2,0.2,4,0.2,0,0.2,TRUE,200,467,0,0,2134,0
511,2,50,1,0.7,-1,0.2,0.2,0.2,4,0.2,0,0.2,TRUE,200,495,0,0,2106,0
512,2,50,1,0.7,-1,0.2,0.2,0.2,4,0.2,0,0.2,TRUE,200,575,0,0,2026,0
509,2,50,1,0.7,-1,0.2,0.2,0.2,4,0.2,0,0.2,TRUE,200,558,0,0,2043,0
513,2,50,1,0.7,-1,0.2,0.2,0.2,4,0.2,0,0.2,TRUE,200,465,0,0,2136,0
514,2,50,1,0.7,-1,0.2,0.2,0.2,4,0.2,0,0.2,TRUE,200,547,0,0,2054,0
515,2,50,1,0.7,-1,0.2,0.2,0.2,4,0.2,0,0.2,TRUE,200,512,0,0,2089,0
516,2,50,1,0.7,-1,0.2,0.2,0.2,4,0.2,0,0.2,TRUE,200,547,0,0,2054,0
517,2,50,1,0.7,-1,0.2,0.2,0.2,4,0.2,0,0.2,TRUE,200,480,0,0,2121,0
518,2,50,1,0.7,-1,0.2,0.2,0.2,4,0.2,0,0.2,TRUE,200,458,0,0,2143,0
519,2,50,1,0.7,-1,0.2,0.2,0.2,4,0.2,0,0.2,TRUE,200,528,0,0,2073,0
521,2,50,1,0.7,-1,0.2,0.2,0.2,4,0.2,0,0.2,TRUE,200,481,0,0,2120,0
520,2,50,1,0.7,-1,0.2,0.2,0.2,4,0.2,0,0.2,TRUE,200,537,0,0,2064,0
523,2,50,1,0.7,-1,0.2,0.2,0.2,4,0.2,0,0.2,TRUE,200,463,0,0,2138,0
522,2,50,1,0.7,-1,0.2,0.2,0.2,4,0.2,0,0.2,TRUE,200,478,0,0,2123,0
524,2,50,1,0.7,-1,0.2,0.2,0.2,4,0.2,0,0.2,TRUE,200,485,0,0,2116,0
525,2,50,1,0.7,-1,0.2,0.2,0.2,4,0.2,0,0.2,TRUE,200,489,0,0,2112,0
526,2,50,1,0.7,-1,0.2,0.2,0.2,4,0.2,0,0.2,TRUE,200,479,0,0,2122,0
527,2,50,1,0.7,-1,0.2,0.2,0.2,4,0.2,0,0.2,TRUE,200,506,0,0,2095,0
528,2,50,1,0.7,-1,0.2,0.2,0.2,4,0.2,0,0.2,TRUE,200,475,0,0,2126,0
529,2,50,1,0.7,-1,0.2,0.2,0.2,4,0.2,0,0.2,TRUE,200,442,0,0,2159,0
530,2,50,1,0.7,-1,0.2,0.2,0.2,4,0.2,0,0.2,TRUE,200,463,0,0,2138,0
531,2,50,1,0.7,-1,0.2,0.2,0.2,4,0.2,0,0.2,TRUE,200,532,0,0,2069,0
532,2,50,1,0.7,-1,0.2,0.2,0.2,4,0.2,0,0.2,TRUE,200,473,0,0,2128,0
533,2,50,1,0.7,-1,0.2,0.2,0.2,4,0.2,0,0.2,TRUE,200,498,0,0,2103,0
535,2,50,1,0.7,-1,0.2,0.2,0.2,4,0.2,0,0.2,TRUE,200,491,0,0,2110,0
534,2,50,1,0.7,-1,0.2,0.2,0.2,4,0.2,0,0.2,TRUE,200,457,0,0,2144,0
536,2,50,1,0.7,-1,0.2,0.2,0.2,4,0.2,0,0.2,TRUE,200,475,0,0,2126,0
538,2,50,1,0.7,-1,0.2,0.2,0.2,4,0.2,0,0.2,TRUE,200,538,0,0,2063,0
539,2,50,1,0.7,-1,0.2,0.2,0.2,4,0.2,0,0.2,TRUE,200,411,0,0,2190,0
537,2,50,1,0.7,-1,0.2,0.2,0.2,4,0.2,0,0.2,TRUE,200,498,0,0,2103,0
541,2,50,1,0.7,-1,0.2,0.2,0.2,4,0.2,0,0.2,TRUE,200,466,0,0,2135,0
540,2,50,1,0.7,-1,0.2,0.2,0.2,4,0.2,0,0.2,TRUE,200,483,0,0,2118,0
542,2,50,1,0.7,-1,0.2,0.2,0.2,4,0.2,0,0.2,TRUE,200,463,0,0,2138,0
543,2,50,1,0.7,-1,0.2,0.2,0.2,4,0.2,0,0.2,TRUE,200,465,0,0,2136,0
544,2,50,1,0.7,-1,0.2,0.2,0.2,4,0.2,0,0.2,TRUE,200,478,0,0,2123,0
545,2,50,1,0.7,-1,0.2,0.2,0.2,4,0.2,0,0.2,TRUE,200,373,0,0,2228,0
546,2,50,1,0.7,-1,0.2,0.2,0.2,4,0.2,0,0.2,TRUE,200,481,0,0,2120,0
548,2,50,1,0.7,-1,0.2,0.2,0.2,4,0.2,0,0.2,TRUE,200,470,0,0,2131,0
549,2,50,1,0.7,-1,0.2,0.2,0.2,4,0.2,0,0.2,TRUE,200,404,0,0,2197,0
547,2,50,1,0.7,-1,0.2,0.2,0.2,4,0.2,0,0.2,TRUE,200,519,0,0,2082,0
550,2,50,1,0.7,-1,0.2,0.2,0.2,4,0.2,0,0.2,TRUE,200,522,0,0,2079,0
551,2,50,1,0.7,-1,0.2,0.2,0.2,4,0.2,0,0.2,TRUE,200,499,0,0,2102,0
552,2,50,1,0.7,-1,0.2,0.2,0.2,4,0.2,0,0.2,TRUE,200,536,0,0,2065,0
553,2,50,1,0.7,-1,0.2,0.2,0.2,4,0.2,0,0.2,TRUE,200,537,0,0,2064,0
554,2,50,1,0.7,-1,0.2,0.2,0.2,4,0.2,0,0.2,TRUE,200,464,0,0,2137,0
555,2,50,1,0.7,-1,0.2,0.2,0.2,4,0.2,0,0.2,TRUE,200,589,0,0,2012,0
556,2,50,1,0.7,-1,0.2,0.2,0.2,4,0.2,0,0.2,TRUE,200,455,0,0,2146,0
558,2,50,1,0.7,-1,0.2,0.2,0.2,4,0.2,0,0.2,TRUE,200,593,0,0,2008,0
559,2,50,1,0.7,-1,0.2,0.2,0.2,4,0.2,0,0.2,TRUE,200,460,0,0,2141,0
557,2,50,1,0.7,-1,0.2,0.2,0.2,4,0.2,0,0.2,TRUE,200,547,0,0,2054,0
560,2,50,1,0.7,-1,0.2,0.2,0.2,4,0.2,0,0.2,TRUE,200,422,0,0,2179,0
561,2,50,1,0.7,-1,0.2,0.2,0.2,4,0.2,0,0.2,TRUE,200,487,0,0,2114,0
562,2,50,1,0.7,-1,0.2,0.2,0.2,4,0.2,0,0.2,TRUE,200,526,0,0,2075,0
563,2,50,1,0.7,-1,0.2,0.2,0.2,4,0.2,0,0.2,TRUE,200,521,0,0,2080,0
564,2,50,1,0.7,-1,0.2,0.2,0.2,4,0.2,0,0.2,TRUE,200,494,0,0,2107,0
565,2,50,1,0.7,-1,0.2,0.2,0.2,4,0.2,0,0.2,TRUE,200,499,0,0,2102,0
566,2,50,1,0.7,-1,0.2,0.2,0.2,4,0.2,0,0.2,TRUE,200,434,0,0,2167,0
568,2,50,1,0.7,-1,0.2,0.2,0.2,4,0.2,0,0.2,TRUE,200,487,0,0,2114,0
569,2,50,1,0.7,-1,0.2,0.2,0.2,4,0.2,0,0.2,TRUE,200,589,0,0,2012,0
567,2,50,1,0.7,-1,0.2,0.2,0.2,4,0.2,0,0.2,TRUE,200,535,0,0,2066,0
570,2,50,1,0.7,-1,0.2,0.2,0.2,4,0.2,0,0.2,TRUE,200,570,0,0,2031,0
571,2,50,1,0.7,-1,0.2,0.2,0.2,4,0.2,0,0.2,TRUE,200,408,0,0,2193,0
572,2,50,1,0.7,-1,0.2,0.2,0.2,4,0.2,0,0.2,TRUE,200,434,0,0,2167,0
573,2,50,1,0.7,-1,0.2,0.2,0.2,4,0.2,0,0.2,TRUE,200,489,0,0,2112,0
574,2,50,1,0.7,-1,0.2,0.2,0.2,4,0.2,0,0.2,TRUE,200,497,0,0,2104,0
575,2,50,1,0.7,-1,0.2,0.2,0.2,4,0.2,0,0.2,TRUE,200,469,0,0,2132,0
576,2,50,1,0.7,-1,0.2,0.2,0.2,4,0.2,0,0.2,TRUE,200,511,0,0,2090,0
578,2,50,1,0.7,-1,0.2,0.2,0.2,4,0.2,0,0.2,TRUE,200,570,0,0,2031,0
577,2,50,1,0.7,-1,0.2,0.2,0.2,4,0.2,0,0.2,TRUE,200,486,0,0,2115,0
579,2,50,1,0.7,-1,0.2,0.2,0.2,4,0.2,0,0.2,TRUE,200,486,0,0,2115,0
581,2,50,1,0.7,-1,0.2,0.2,0.2,4,0.2,0,0.2,TRUE,200,522,0,0,2079,0
580,2,50,1,0.7,-1,0.2,0.2,0.2,4,0.2,0,0.2,TRUE,200,525,0,0,2076,0
582,2,50,1,0.7,-1,0.2,0.2,0.2,4,0.2,0,0.2,TRUE,200,527,0,0,2074,0
583,2,50,1,0.7,-1,0.2,0.2,0.2,4,0.2,0,0.2,TRUE,200,515,0,0,2086,0
584,2,50,1,0.7,-1,0.2,0.2,0.2,4,0.2,0,0.2,TRUE,200,535,0,0,2066,0
585,2,50,1,0.7,-1,0.2,0.2,0.2,4,0.2,0,0.2,TRUE,200,441,0,0,2160,0
586,2,50,1,0.7,-1,0.2,0.2,0.2,4,0.2,0,0.2,TRUE,200,450,0,0,2151,0
587,2,50,1,0.7,-1,0.2,0.2,0.2,4,0.2,0,0.2,TRUE,200,565,0,0,2036,0
588,2,50,1,0.7,-1,0.2,0.2,0.2,4,0.2,0,0.2,TRUE,200,514,0,0,2087,0
589,2,50,1,0.7,-1,0.2,0.2,0.2,4,0.2,0,0.2,TRUE,200,515,0,0,2086,0
590,2,50,1,0.7,-1,0.2,0.2,0.2,4,0.2,0,0.2,TRUE,200,443,0,0,2158,0
592,2,50,1,0.7,-1,0.2,0.2,0.2,4,0.2,0,0.2,TRUE,200,451,0,0,2150,0
591,2,50,1,0.7,-1,0.2,0.2,0.2,4,0.2,0,0.2,TRUE,200,393,0,0,2208,0
593,2,50,1,0.7,-1,0.2,0.2,0.2,4,0.2,0,0.2,TRUE,200,518,0,0,2083,0
595,2,50,1,0.7,-1,0.2,0.2,0.2,4,0.2,0,0.2,TRUE,200,448,0,0,2153,0
597,2,50,1,0.7,-1,0.2,0.2,0.2,4,0.2,0,0.2,TRUE,200,427,0,0,2174,0
596,2,50,1,0.7,-1,0.2,0.2,0.2,4,0.2,0,0.2,TRUE,200,528,0,0,2073,0
594,2,50,1,0.7,-1,0.2,0.2,0.2,4,0.2,0,0.2,TRUE,200,526,0,0,2075,0
599,2,50,1,0.7,-1,0.2,0.2,0.2,4,0.2,0,0.2,TRUE,200,534,0,0,2067,0
600,2,50,1,0.7,-1,0.2,0.2,0.2,4,0.2,0,0.2,TRUE,200,432,0,0,2169,0
598,2,50,1,0.7,-1,0.2,0.2,0.2,4,0.2,0,0.2,TRUE,200,547,0,0,2054,0
601,2,50,1,0.8,-1,0.2,0.2,0.2,4,0.2,0,0.2,TRUE,200,0,0,0,2601,0
602,2,50,1,0.8,-1,0.2,0.2,0.2,4,0.2,0,0.2,TRUE,200,0,0,0,2601,0
603,2,50,1,0.8,-1,0.2,0.2,0.2,4,0.2,0,0.2,TRUE,200,16,0,50,2535,0
604,2,50,1,0.8,-1,0.2,0.2,0.2,4,0.2,0,0.2,TRUE,200,5,0,0,2596,0
606,2,50,1,0.8,-1,0.2,0.2,0.2,4,0.2,0,0.2,TRUE,200,1,0,25,2575,0
605,2,50,1,0.8,-1,0.2,0.2,0.2,4,0.2,0,0.2,TRUE,200,0,0,6,2595,0
607,2,50,1,0.8,-1,0.2,0.2,0.2,4,0.2,0,0.2,TRUE,200,6,0,1,2594,0
609,2,50,1,0.8,-1,0.2,0.2,0.2,4,0.2,0,0.2,TRUE,200,0,0,14,2587,0
608,2,50,1,0.8,-1,0.2,0.2,0.2,4,0.2,0,0.2,TRUE,200,0,0,0,2601,0
610,2,50,1,0.8,-1,0.2,0.2,0.2,4,0.2,0,0.2,TRUE,200,0,0,66,2535,0
611,2,50,1,0.8,-1,0.2,0.2,0.2,4,0.2,0,0.2,TRUE,200,4,0,2,2595,0
612,2,50,1,0.8,-1,0.2,0.2,0.2,4,0.2,0,0.2,TRUE,200,34,0,24,2543,0
613,2,50,1,0.8,-1,0.2,0.2,0.2,4,0.2,0,0.2,TRUE,200,6,0,0,2595,0
615,2,50,1,0.8,-1,0.2,0.2,0.2,4,0.2,0,0.2,TRUE,200,6,0,0,2595,0
616,2,50,1,0.8,-1,0.2,0.2,0.2,4,0.2,0,0.2,TRUE,200,0,0,0,2601,0
617,2,50,1,0.8,-1,0.2,0.2,0.2,4,0.2,0,0.2,TRUE,200,7,0,0,2594,0
614,2,50,1,0.8,-1,0.2,0.2,0.2,4,0.2,0,0.2,TRUE,200,0,0,11,2590,0
618,2,50,1,0.8,-1,0.2,0.2,0.2,4,0.2,0,0.2,TRUE,200,0,0,98,2503,0
619,2,50,1,0.8,-1,0.2,0.2,0.2,4,0.2,0,0.2,TRUE,200,0,0,0,2601,0
620,2,50,1,0.8,-1,0.2,0.2,0.2,4,0.2,0,0.2,TRUE,200,20,0,16,2565,0
621,2,50,1,0.8,-1,0.2,0.2,0.2,4,0.2,0,0.2,TRUE,200,1,0,29,2571,0
622,2,50,1,0.8,-1,0.2,0.2,0.2,4,0.2,0,0.2,TRUE,200,0,0,71,2530,0
623,2,50,1,0.8,-1,0.2,0.2,0.2,4,0.2,0,0.2,TRUE,200,0,0,0,2601,0
624,2,50,1,0.8,-1,0.2,0.2,0.2,4,0.2,0,0.2,TRUE,200,3,0,25,2573,0
625,2,50,1,0.8,-1,0.2,0.2,0.2,4,0.2,0,0.2,TRUE,200,6,0,11,2584,0
626,2,50,1,0.8,-1,0.2,0.2,0.2,4,0.2,0,0.2,TRUE,200,2,0,0,2599,0
627,2,50,1,0.8,-1,0.2,0.2,0.2,4,0.2,0,0.2,TRUE,200,0,0,7,2594,0
628,2,50,1,0.8,-1,0.2,0.2,0.2,4,0.2,0,0.2,TRUE,200,0,0,0,2601,0
629,2,50,1,0.8,-1,0.2,0.2,0.2,4,0.2,0,0.2,TRUE,200,0,0,9,2592,0
630,2,50,1,0.8,-1,0.2,0.2,0.2,4,0.2,0,0.2,TRUE,200,0,0,39,2562,0
631,2,50,1,0.8,-1,0.2,0.2,0.2,4,0.2,0,0.2,TRUE,200,0,0,0,2601,0
632,2,50,1,0.8,-1,0.2,0.2,0.2,4,0.2,0,0.2,TRUE,200,0,0,0,2601,0
634,2,50,1,0.8,-1,0.2,0.2,0.2,4,0.2,0,0.2,TRUE,200,11,0,12,2578,0
635,2,50,1,0.8,-1,0.2,0.2,0.2,4,0.2,0,0.2,TRUE,200,2,0,0,2599,0
637,2,50,1,0.8,-1,0.2,0.2,0.2,4,0.2,0,0.2,TRUE,200,0,0,0,2601,0
633,2,50,1,0.8,-1,0.2,0.2,0.2,4,0.2,0,0.2,TRUE,200,9,0,0,2592,0
636,2,50,1,0.8,-1,0.2,0.2,0.2,4,0.2,0,0.2,TRUE,200,0,0,15,2586,0
639,2,50,1,0.8,-1,0.2,0.2,0.2,4,0.2,0,0.2,TRUE,200,0,0,18,2583,0
638,2,50,1,0.8,-1,0.2,0.2,0.2,4,0.2,0,0.2,TRUE,200,0,0,6,2595,0
640,2,50,1,0.8,-1,0.2,0.2,0.2,4,0.2,0,0.2,TRUE,200,2,0,38,2561,0
641,2,50,1,0.8,-1,0.2,0.2,0.2,4,0.2,0,0.2,TRUE,200,0,0,31,2570,0
643,2,50,1,0.8,-1,0.2,0.2,0.2,4,0.2,0,0.2,TRUE,200,6,0,0,2595,0
642,2,50,1,0.8,-1,0.2,0.2,0.2,4,0.2,0,0.2,TRUE,200,6,0,0,2595,0
645,2,50,1,0.8,-1,0.2,0.2,0.2,4,0.2,0,0.2,TRUE,200,11,0,23,2567,0
646,2,50,1,0.8,-1,0.2,0.2,0.2,4,0.2,0,0.2,TRUE,200,0,0,21,2580,0
647,2,50,1,0.8,-1,0.2,0.2,0.2,4,0.2,0,0.2,TRUE,200,5,0,24,2572,0
644,2,50,1,0.8,-1,0.2,0.2,0.2,4,0.2,0,0.2,TRUE,200,4,0,0,2597,0
648,2,50,1,0.8,-1,0.2,0.2,0.2,4,0.2,0,0.2,TRUE,200,0,0,49,2552,0
649,2,50,1,0.8,-1,0.2,0.2,0.2,4,0.2,0,0.2,TRUE,200,0,0,50,2551,0
650,2,50,1,0.8,-1,0.2,0.2,0.2,4,0.2,0,0.2,TRUE,200,0,0,57,2544,0
651,2,50,1,0.8,-1,0.2,0.2,0.2,4,0.2,0,0.2,TRUE,200,0,0,0,2601,0
652,2,50,1,0.8,-1,0.2,0.2,0.2,4,0.2,0,0.2,TRUE,200,2,0,0,2599,0
653,2,50,1,0.8,-1,0.2,0.2,0.2,4,0.2,0,0.2,TRUE,200,16,0,48,2537,0
654,2,50,1,0.8,-1,0.2,0.2,0.2,4,0.2,0,0.2,TRUE,200,0,0,0,2601,0
655,2,50,1,0.8,-1,0.2,0.2,0.2,4,0.2,0,0.2,TRUE,200,0,0,0,2601,0
656,2,50,1,0.8,-1,0.2,0.2,0.2,4,0.2,0,0.2,TRUE,200,0,0,0,2601,0
657,2,50,1,0.8,-1,0.2,0.2,0.2,4,0.2,0,0.2,TRUE,200,0,0,15,2586,0
658,2,50,1,0.8,-1,0.2,0.2,0.2,4,0.2,0,0.2,TRUE,200,0,0,0,2601,0
659,2,50,1,0.8,-1,0.2,0.2,0.2,4,0.2,0,0.2,TRUE,200,0,0,0,2601,0
660,2,50,1,0.8,-1,0.2,0.2,0.2,4,0.2,0,0.2,TRUE,200,0,0,0,2601,0
661,2,50,1,0.8,-1,0.2,0.2,0.2,4,0.2,0,0.2,TRUE,200,7,0,53,2541,0
662,2,50,1,0.8,-1,0.2,0.2,0.2,4,0.2,0,0.2,TRUE,200,17,0,65,2519,0
664,2,50,1,0.8,-1,0.2,0.2,0.2,4,0.2,0,0.2,TRUE,200,0,0,0,2601,0
663,2,50,1,0.8,-1,0.2,0.2,0.2,4,0.2,0,0.2,TRUE,200,0,0,67,2534,0
665,2,50,1,0.8,-1,0.2,0.2,0.2,4,0.2,0,0.2,TRUE,200,0,0,18,2583,0
666,2,50,1,0.8,-1,0.2,0.2,0.2,4,0.2,0,0.2,TRUE,200,7,0,53,2541,0
667,2,50,1,0.8,-1,0.2,0.2,0.2,4,0.2,0,0.2,TRUE,200,0,0,0,2601,0
668,2,50,1,0.8,-1,0.2,0.2,0.2,4,0.2,0,0.2,TRUE,200,5,0,0,2596,0
669,2,50,1,0.8,-1,0.2,0.2,0.2,4,0.2,0,0.2,TRUE,200,5,0,0,2596,0
670,2,50,1,0.8,-1,0.2,0.2,0.2,4,0.2,0,0.2,TRUE,200,0,0,96,2505,0
671,2,50,1,0.8,-1,0.2,0.2,0.2,4,0.2,0,0.2,TRUE,200,0,0,0,2601,0
673,2,50,1,0.8,-1,0.2,0.2,0.2,4,0.2,0,0.2,TRUE,200,0,0,0,2601,0
674,2,50,1,0.8,-1,0.2,0.2,0.2,4,0.2,0,0.2,TRUE,200,0,0,97,2504,0
672,2,50,1,0.8,-1,0.2,0.2,0.2,4,0.2,0,0.2,TRUE,200,0,0,0,2601,0
677,2,50,1,0.8,-1,0.2,0.2,0.2,4,0.2,0,0.2,TRUE,200,0,0,0,2601,0
675,2,50,1,0.8,-1,0.2,0.2,0.2,4,0.2,0,0.2,TRUE,200,0,0,17,2584,0
676,2,50,1,0.8,-1,0.2,0.2,0.2,4,0.2,0,0.2,TRUE,200,0,0,0,2601,0
678,2,50,1,0.8,-1,0.2,0.2,0.2,4,0.2,0,0.2,TRUE,200,0,0,26,2575,0
679,2,50,1,0.8,-1,0.2,0.2,0.2,4,0.2,0,0.2,TRUE,200,0,0,24,2577,0
680,2,50,1,0.8,-1,0.2,0.2,0.2,4,0.2,0,0.2,TRUE,200,0,0,0,2601,0
681,2,50,1,0.8,-1,0.2,0.2,0.2,4,0.2,0,0.2,TRUE,200,0,0,10,2591,0
683,2,50,1,0.8,-1,0.2,0.2,0.2,4,0.2,0,0.2,TRUE,200,16,0,8,2577,0
685,2,50,1,0.8,-1,0.2,0.2,0.2,4,0.2,0,0.2,TRUE,200,0,0,76,2525,0
684,2,50,1,0.8,-1,0.2,0.2,0.2,4,0.2,0,0.2,TRUE,200,11,0,12,2578,0
682,2,50,1,0.8,-1,0.2,0.2,0.2,4,0.2,0,0.2,TRUE,200,8,0,20,2573,0
686,2,50,1,0.8,-1,0.2,0.2,0.2,4,0.2,0,0.2,TRUE,200,3,0,0,2598,0
687,2,50,1,0.8,-1,0.2,0.2,0.2,4,0.2,0,0.2,TRUE,200,3,0,18,2580,0
688,2,50,1,0.8,-1,0.2,0.2,0.2,4,0.2,0,0.2,TRUE,200,0,0,15,2586,0
689,2,50,1,0.8,-1,0.2,0.2,0.2,4,0.2,0,0.2,TRUE,200,0,0,0,2601,0
690,2,50,1,0.8,-1,0.2,0.2,0.2,4,0.2,0,0.2,TRUE,200,0,0,0,2601,0
691,2,50,1,0.8,-1,0.2,0.2,0.2,4,0.2,0,0.2,TRUE,200,0,0,34,2567,0
692,2,50,1,0.8,-1,0.2,0.2,0.2,4,0.2,0,0.2,TRUE,200,0,0,24,2577,0
694,2,50,1,0.8,-1,0.2,0.2,0.2,4,0.2,0,0.2,TRUE,200,0,0,39,2562,0
693,2,50,1,0.8,-1,0.2,0.2,0.2,4,0.2,0,0.2,TRUE,200,5,0,0,2596,0
695,2,50,1,0.8,-1,0.2,0.2,0.2,4,0.2,0,0.2,TRUE,200,7,0,44,2550,0
696,2,50,1,0.8,-1,0.2,0.2,0.2,4,0.2,0,0.2,TRUE,200,0,0,0,2601,0
697,2,50,1,0.8,-1,0.2,0.2,0.2,4,0.2,0,0.2,TRUE,200,0,0,84,2517,0
698,2,50,1,0.8,-1,0.2,0.2,0.2,4,0.2,0,0.2,TRUE,200,0,0,18,2583,0
699,2,50,1,0.8,-1,0.2,0.2,0.2,4,0.2,0,0.2,TRUE,200,0,0,0,2601,0
700,2,50,1,0.8,-1,0.2,0.2,0.2,4,0.2,0,0.2,TRUE,200,0,0,0,2601,0
701,2,50,1,0.9,-1,0.2,0.2,0.2,4,0.2,0,0.2,TRUE,200,0,0,69,2532,0
702,2,50,1,0.9,-1,0.2,0.2,0.2,4,0.2,0,0.2,TRUE,200,0,0,85,2516,0
703,2,50,1,0.9,-1,0.2,0.2,0.2,4,0.2,0,0.2,TRUE,200,0,0,25,2576,0
704,2,50,1,0.9,-1,0.2,0.2,0.2,4,0.2,0,0.2,TRUE,200,0,0,4,2597,0
705,2,50,1,0.9,-1,0.2,0.2,0.2,4,0.2,0,0.2,TRUE,200,0,0,175,2426,0
706,2,50,1,0.9,-1,0.2,0.2,0.2,4,0.2,0,0.2,TRUE,200,0,0,15,2586,0
708,2,50,1,0.9,-1,0.2,0.2,0.2,4,0.2,0,0.2,TRUE,200,0,0,302,2299,0
707,2,50,1,0.9,-1,0.2,0.2,0.2,4,0.2,0,0.2,TRUE,200,0,0,50,2551,0
709,2,50,1,0.9,-1,0.2,0.2,0.2,4,0.2,0,0.2,TRUE,200,0,0,29,2572,0
712,2,50,1,0.9,-1,0.2,0.2,0.2,4,0.2,0,0.2,TRUE,200,0,0,71,2530,0
711,2,50,1,0.9,-1,0.2,0.2,0.2,4,0.2,0,0.2,TRUE,200,0,0,131,2434,36
713,2,50,1,0.9,-1,0.2,0.2,0.2,4,0.2,0,0.2,TRUE,200,0,0,114,2445,42
710,2,50,1,0.9,-1,0.2,0.2,0.2,4,0.2,0,0.2,TRUE,200,0,0,105,2496,0
714,2,50,1,0.9,-1,0.2,0.2,0.2,4,0.2,0,0.2,TRUE,200,0,0,97,2504,0
716,2,50,1,0.9,-1,0.2,0.2,0.2,4,0.2,0,0.2,TRUE,200,0,0,28,2573,0
715,2,50,1,0.9,-1,0.2,0.2,0.2,4,0.2,0,0.2,TRUE,200,0,0,47,2554,0
717,2,50,1,0.9,-1,0.2,0.2,0.2,4,0.2,0,0.2,TRUE,200,0,0,48,2553,0
718,2,50,1,0.9,-1,0.2,0.2,0.2,4,0.2,0,0.2,TRUE,200,0,0,62,2539,0
719,2,50,1,0.9,-1,0.2,0.2,0.2,4,0.2,0,0.2,TRUE,200,0,0,112,2489,0
720,2,50,1,0.9,-1,0.2,0.2,0.2,4,0.2,0,0.2,TRUE,200,0,0,174,2427,0
722,2,50,1,0.9,-1,0.2,0.2,0.2,4,0.2,0,0.2,TRUE,200,0,0,70,2530,1
721,2,50,1,0.9,-1,0.2,0.2,0.2,4,0.2,0,0.2,TRUE,200,0,0,0,2601,0
723,2,50,1,0.9,-1,0.2,0.2,0.2,4,0.2,0,0.2,TRUE,200,0,0,36,2565,0
725,2,50,1,0.9,-1,0.2,0.2,0.2,4,0.2,0,0.2,TRUE,200,0,0,95,2506,0
724,2,50,1,0.9,-1,0.2,0.2,0.2,4,0.2,0,0.2,TRUE,200,0,0,97,2504,0
726,2,50,1,0.9,-1,0.2,0.2,0.2,4,0.2,0,0.2,TRUE,200,0,0,268,2267,66
728,2,50,1,0.9,-1,0.2,0.2,0.2,4,0.2,0,0.2,TRUE,200,0,0,178,2423,0
727,2,50,1,0.9,-1,0.2,0.2,0.2,4,0.2,0,0.2,TRUE,200,0,0,113,2488,0
729,2,50,1,0.9,-1,0.2,0.2,0.2,4,0.2,0,0.2,TRUE,200,0,0,153,2448,0
732,2,50,1,0.9,-1,0.2,0.2,0.2,4,0.2,0,0.2,TRUE,200,0,0,85,2516,0
731,2,50,1,0.9,-1,0.2,0.2,0.2,4,0.2,0,0.2,TRUE,200,0,0,304,2297,0
733,2,50,1,0.9,-1,0.2,0.2,0.2,4,0.2,0,0.2,TRUE,200,0,0,76,2525,0
730,2,50,1,0.9,-1,0.2,0.2,0.2,4,0.2,0,0.2,TRUE,200,0,0,85,2516,0
735,2,50,1,0.9,-1,0.2,0.2,0.2,4,0.2,0,0.2,TRUE,200,0,0,123,2478,0
734,2,50,1,0.9,-1,0.2,0.2,0.2,4,0.2,0,0.2,TRUE,200,0,0,121,2420,60
736,2,50,1,0.9,-1,0.2,0.2,0.2,4,0.2,0,0.2,TRUE,200,0,0,120,2457,24
737,2,50,1,0.9,-1,0.2,0.2,0.2,4,0.2,0,0.2,TRUE,200,0,0,183,2418,0
738,2,50,1,0.9,-1,0.2,0.2,0.2,4,0.2,0,0.2,TRUE,200,0,0,68,2533,0
739,2,50,1,0.9,-1,0.2,0.2,0.2,4,0.2,0,0.2,TRUE,200,0,0,38,2563,0
740,2,50,1,0.9,-1,0.2,0.2,0.2,4,0.2,0,0.2,TRUE,200,0,0,86,2515,0
742,2,50,1,0.9,-1,0.2,0.2,0.2,4,0.2,0,0.2,TRUE,200,0,0,244,2355,2
741,2,50,1,0.9,-1,0.2,0.2,0.2,4,0.2,0,0.2,TRUE,200,0,0,39,2562,0
743,2,50,1,0.9,-1,0.2,0.2,0.2,4,0.2,0,0.2,TRUE,200,0,0,39,2562,0
744,2,50,1,0.9,-1,0.2,0.2,0.2,4,0.2,0,0.2,TRUE,200,0,0,87,2514,0
745,2,50,1,0.9,-1,0.2,0.2,0.2,4,0.2,0,0.2,TRUE,200,0,0,40,2561,0
747,2,50,1,0.9,-1,0.2,0.2,0.2,4,0.2,0,0.2,TRUE,200,0,0,174,2427,0
746,2,50,1,0.9,-1,0.2,0.2,0.2,4,0.2,0,0.2,TRUE,200,0,0,60,2541,0
748,2,50,1,0.9,-1,0.2,0.2,0.2,4,0.2,0,0.2,TRUE,200,0,0,95,2506,0
749,2,50,1,0.9,-1,0.2,0.2,0.2,4,0.2,0,0.2,TRUE,200,0,0,26,2575,0
751,2,50,1,0.9,-1,0.2,0.2,0.2,4,0.2,0,0.2,TRUE,200,0,0,51,2550,0
753,2,50,1,0.9,-1,0.2,0.2,0.2,4,0.2,0,0.2,TRUE,200,0,0,126,2469,6
750,2,50,1,0.9,-1,0.2,0.2,0.2,4,0.2,0,0.2,TRUE,200,0,0,58,2543,0
752,2,50,1,0.9,-1,0.2,0.2,0.2,4,0.2,0,0.2,TRUE,200,0,0,13,2588,0
754,2,50,1,0.9,-1,0.2,0.2,0.2,4,0.2,0,0.2,TRUE,200,0,0,101,2500,0
755,2,50,1,0.9,-1,0.2,0.2,0.2,4,0.2,0,0.2,TRUE,200,0,0,18,2583,0
756,2,50,1,0.9,-1,0.2,0.2,0.2,4,0.2,0,0.2,TRUE,200,0,0,14,2587,0
757,2,50,1,0.9,-1,0.2,0.2,0.2,4,0.2,0,0.2,TRUE,200,0,0,72,2529,0
758,2,50,1,0.9,-1,0.2,0.2,0.2,4,0.2,0,0.2,TRUE,200,0,0,102,2499,0
759,2,50,1,0.9,-1,0.2,0.2,0.2,4,0.2,0,0.2,TRUE,200,0,0,36,2556,9
761,2,50,1,0.9,-1,0.2,0.2,0.2,4,0.2,0,0.2,TRUE,200,0,0,32,2529,40
760,2,50,1,0.9,-1,0.2,0.2,0.2,4,0.2,0,0.2,TRUE,200,0,0,9,2592,0
762,2,50,1,0.9,-1,0.2,0.2,0.2,4,0.2,0,0.2,TRUE,200,0,0,16,2569,16
764,2,50,1,0.9,-1,0.2,0.2,0.2,4,0.2,0,0.2,TRUE,200,0,0,76,2525,0
763,2,50,1,0.9,-1,0.2,0.2,0.2,4,0.2,0,0.2,TRUE,200,0,0,87,2514,0
765,2,50,1,0.9,-1,0.2,0.2,0.2,4,0.2,0,0.2,TRUE,200,0,0,69,2532,0
766,2,50,1,0.9,-1,0.2,0.2,0.2,4,0.2,0,0.2,TRUE,200,0,0,119,2482,0
767,2,50,1,0.9,-1,0.2,0.2,0.2,4,0.2,0,0.2,TRUE,200,0,0,111,2490,0
768,2,50,1,0.9,-1,0.2,0.2,0.2,4,0.2,0,0.2,TRUE,200,0,0,10,2591,0
770,2,50,1,0.9,-1,0.2,0.2,0.2,4,0.2,0,0.2,TRUE,200,0,0,99,2502,0
772,2,50,1,0.9,-1,0.2,0.2,0.2,4,0.2,0,0.2,TRUE,200,0,0,80,2521,0
769,2,50,1,0.9,-1,0.2,0.2,0.2,4,0.2,0,0.2,TRUE,200,0,0,92,2483,26
771,2,50,1,0.9,-1,0.2,0.2,0.2,4,0.2,0,0.2,TRUE,200,0,0,33,2568,0
773,2,50,1,0.9,-1,0.2,0.2,0.2,4,0.2,0,0.2,TRUE,200,0,0,31,2570,0
774,2,50,1,0.9,-1,0.2,0.2,0.2,4,0.2,0,0.2,TRUE,200,0,0,187,2414,0
775,2,50,1,0.9,-1,0.2,0.2,0.2,4,0.2,0,0.2,TRUE,200,0,0,101,2500,0
776,2,50,1,0.9,-1,0.2,0.2,0.2,4,0.2,0,0.2,TRUE,200,0,0,40,2561,0
777,2,50,1,0.9,-1,0.2,0.2,0.2,4,0.2,0,0.2,TRUE,200,0,0,37,2564,0
778,2,50,1,0.9,-1,0.2,0.2,0.2,4,0.2,0,0.2,TRUE,200,0,0,107,2494,0
780,2,50,1,0.9,-1,0.2,0.2,0.2,4,0.2,0,0.2,TRUE,200,0,0,81,2520,0
781,2,50,1,0.9,-1,0.2,0.2,0.2,4,0.2,0,0.2,TRUE,200,0,0,38,2563,0
779,2,50,1,0.9,-1,0.2,0.2,0.2,4,0.2,0,0.2,TRUE,200,0,0,23,2578,0
782,2,50,1,0.9,-1,0.2,0.2,0.2,4,0.2,0,0.2,TRUE,200,0,0,7,2594,0
783,2,50,1,0.9,-1,0.2,0.2,0.2,4,0.2,0,0.2,TRUE,200,0,0,70,2531,0
784,2,50,1,0.9,-1,0.2,0.2,0.2,4,0.2,0,0.2,TRUE,200,0,0,154,2447,0
785,2,50,1,0.9,-1,0.2,0.2,0.2,4,0.2,0,0.2,TRUE,200,0,0,121,2480,0
786,2,50,1,0.9,-1,0.2,0.2,0.2,4,0.2,0,0.2,TRUE,200,0,0,82,2519,0
787,2,50,1,0.9,-1,0.2,0.2,0.2,4,0.2,0,0.2,TRUE,200,0,0,45,2556,0
788,2,50,1,0.9,-1,0.2,0.2,0.2,4,0.2,0,0.2,TRUE,200,0,0,117,2484,0
791,2,50,1,0.9,-1,0.2,0.2,0.2,4,0.2,0,0.2,TRUE,200,0,0,74,2513,14
789,2,50,1,0.9,-1,0.2,0.2,0.2,4,0.2,0,0.2,TRUE,200,0,0,70,2531,0
790,2,50,1,0.9,-1,0.2,0.2,0.2,4,0.2,0,0.2,TRUE,200,0,0,48,2528,25
792,2,50,1,0.9,-1,0.2,0.2,0.2,4,0.2,0,0.2,TRUE,200,0,0,29,2572,0
793,2,50,1,0.9,-1,0.2,0.2,0.2,4,0.2,0,0.2,TRUE,200,0,0,17,2584,0
794,2,50,1,0.9,-1,0.2,0.2,0.2,4,0.2,0,0.2,TRUE,200,0,0,21,2580,0
796,2,50,1,0.9,-1,0.2,0.2,0.2,4,0.2,0,0.2,TRUE,200,0,0,74,2527,0
795,2,50,1,0.9,-1,0.2,0.2,0.2,4,0.2,0,0.2,TRUE,200,0,0,80,2521,0
797,2,50,1,0.9,-1,0.2,0.2,0.2,4,0.2,0,0.2,TRUE,200,0,0,19,2567,15
799,2,50,1,0.9,-1,0.2,0.2,0.2,4,0.2,0,0.2,TRUE,200,0,0,130,2471,0
798,2,50,1,0.9,-1,0.2,0.2,0.2,4,0.2,0,0.2,TRUE,200,0,0,52,2549,0
800,2,50,1,0.9,-1,0.2,0.2,0.2,4,0.2,0,0.2,TRUE,200,0,0,113,2488,0
801,2,50,1,1,-1,0.2,0.2,0.2,4,0.2,0,0.2,TRUE,200,0,0,196,2405,0
803,2,50,1,1,-1,0.2,0.2,0.2,4,0.2,0,0.2,TRUE,200,0,0,450,2151,0
802,2,50,1,1,-1,0.2,0.2,0.2,4,0.2,0,0.2,TRUE,200,0,0,215,2299,87
804,2,50,1,1,-1,0.2,0.2,0.2,4,0.2,0,0.2,TRUE,200,0,0,245,2321,35
805,2,50,1,1,-1,0.2,0.2,0.2,4,0.2,0,0.2,TRUE,200,0,0,168,2430,3
806,2,50,1,1,-1,0.2,0.2,0.2,4,0.2,0,0.2,TRUE,200,0,0,219,2377,5
808,2,50,1,1,-1,0.2,0.2,0.2,4,0.2,0,0.2,TRUE,200,0,0,427,2163,11
807,2,50,1,1,-1,0.2,0.2,0.2,4,0.2,0,0.2,TRUE,200,0,0,333,2260,8
809,2,50,1,1,-1,0.2,0.2,0.2,4,0.2,0,0.2,TRUE,200,0,0,155,2446,0
810,2,50,1,1,-1,0.2,0.2,0.2,4,0.2,0,0.2,TRUE,200,0,0,149,2441,11
811,2,50,1,1,-1,0.2,0.2,0.2,4,0.2,0,0.2,TRUE,200,0,0,332,2269,0
812,2,50,1,1,-1,0.2,0.2,0.2,4,0.2,0,0.2,TRUE,200,0,0,190,2367,44
813,2,50,1,1,-1,0.2,0.2,0.2,4,0.2,0,0.2,TRUE,200,0,0,208,2393,0
814,2,50,1,1,-1,0.2,0.2,0.2,4,0.2,0,0.2,TRUE,200,0,0,224,2377,0
815,2,50,1,1,-1,0.2,0.2,0.2,4,0.2,0,0.2,TRUE,200,0,0,128,2472,1
817,2,50,1,1,-1,0.2,0.2,0.2,4,0.2,0,0.2,TRUE,200,0,0,302,2288,11
816,2,50,1,1,-1,0.2,0.2,0.2,4,0.2,0,0.2,TRUE,200,0,0,416,2185,0
818,2,50,1,1,-1,0.2,0.2,0.2,4,0.2,0,0.2,TRUE,200,0,0,54,2534,13
819,2,50,1,1,-1,0.2,0.2,0.2,4,0.2,0,0.2,TRUE,200,0,0,123,2478,0
820,2,50,1,1,-1,0.2,0.2,0.2,4,0.2,0,0.2,TRUE,200,0,0,70,2531,0
821,2,50,1,1,-1,0.2,0.2,0.2,4,0.2,0,0.2,TRUE,200,0,0,176,2417,8
822,2,50,1,1,-1,0.2,0.2,0.2,4,0.2,0,0.2,TRUE,200,0,0,287,2305,9
823,2,50,1,1,-1,0.2,0.2,0.2,4,0.2,0,0.2,TRUE,200,0,0,163,2426,12
824,2,50,1,1,-1,0.2,0.2,0.2,4,0.2,0,0.2,TRUE,200,0,0,303,2298,0
826,2,50,1,1,-1,0.2,0.2,0.2,4,0.2,0,0.2,TRUE,200,0,0,243,2358,0
827,2,50,1,1,-1,0.2,0.2,0.2,4,0.2,0,0.2,TRUE,200,0,0,354,2247,0
825,2,50,1,1,-1,0.2,0.2,0.2,4,0.2,0,0.2,TRUE,200,0,0,174,2404,23
828,2,50,1,1,-1,0.2,0.2,0.2,4,0.2,0,0.2,TRUE,200,0,0,279,2274,48
829,2,50,1,1,-1,0.2,0.2,0.2,4,0.2,0,0.2,TRUE,200,0,0,212,2389,0
830,2,50,1,1,-1,0.2,0.2,0.2,4,0.2,0,0.2,TRUE,200,0,0,292,2300,9
831,2,50,1,1,-1,0.2,0.2,0.2,4,0.2,0,0.2,TRUE,200,0,0,143,2458,0
832,2,50,1,1,-1,0.2,0.2,0.2,4,0.2,0,0.2,TRUE,200,0,0,173,2421,7
833,2,50,1,1,-1,0.2,0.2,0.2,4,0.2,0,0.2,TRUE,200,0,0,58,2543,0
834,2,50,1,1,-1,0.2,0.2,0.2,4,0.2,0,0.2,TRUE,200,0,0,253,2335,13
836,2,50,1,1,-1,0.2,0.2,0.2,4,0.2,0,0.2,TRUE,200,0,0,237,2349,15
837,2,50,1,1,-1,0.2,0.2,0.2,4,0.2,0,0.2,TRUE,200,0,0,88,2513,0
835,2,50,1,1,-1,0.2,0.2,0.2,4,0.2,0,0.2,TRUE,200,0,0,271,2330,0
838,2,50,1,1,-1,0.2,0.2,0.2,4,0.2,0,0.2,TRUE,200,0,0,144,2444,13
839,2,50,1,1,-1,0.2,0.2,0.2,4,0.2,0,0.2,TRUE,200,0,0,217,2384,0
840,2,50,1,1,-1,0.2,0.2,0.2,4,0.2,0,0.2,TRUE,200,0,0,148,2453,0
841,2,50,1,1,-1,0.2,0.2,0.2,4,0.2,0,0.2,TRUE,200,0,0,289,2312,0
842,2,50,1,1,-1,0.2,0.2,0.2,4,0.2,0,0.2,TRUE,200,0,0,207,2394,0
844,2,50,1,1,-1,0.2,0.2,0.2,4,0.2,0,0.2,TRUE,200,0,0,201,2400,0
843,2,50,1,1,-1,0.2,0.2,0.2,4,0.2,0,0.2,TRUE,200,0,0,80,2508,13
846,2,50,1,1,-1,0.2,0.2,0.2,4,0.2,0,0.2,TRUE,200,0,0,38,2563,0
845,2,50,1,1,-1,0.2,0.2,0.2,4,0.2,0,0.2,TRUE,200,0,0,309,2292,0
847,2,50,1,1,-1,0.2,0.2,0.2,4,0.2,0,0.2,TRUE,200,0,0,134,2467,0
848,2,50,1,1,-1,0.2,0.2,0.2,4,0.2,0,0.2,TRUE,200,0,0,277,2299,25
849,2,50,1,1,-1,0.2,0.2,0.2,4,0.2,0,0.2,TRUE,200,0,0,176,2411,14
850,2,50,1,1,-1,0.2,0.2,0.2,4,0.2,0,0.2,TRUE,200,0,0,224,2363,14
851,2,50,1,1,-1,0.2,0.2,0.2,4,0.2,0,0.2,TRUE,200,0,0,130,2424,47
852,2,50,1,1,-1,0.2,0.2,0.2,4,0.2,0,0.2,TRUE,200,0,0,384,2205,12
853,2,50,1,1,-1,0.2,0.2,0.2,4,0.2,0,0.2,TRUE,200,0,0,194,2407,0
855,2,50,1,1,-1,0.2,0.2,0.2,4,0.2,0,0.2,TRUE,200,0,0,106,2495,0
854,2,50,1,1,-1,0.2,0.2,0.2,4,0.2,0,0.2,TRUE,200,0,0,219,2380,2
856,2,50,1,1,-1,0.2,0.2,0.2,4,0.2,0,0.2,TRUE,200,0,0,64,2477,60
857,2,50,1,1,-1,0.2,0.2,0.2,4,0.2,0,0.2,TRUE,200,0,0,184,2417,0
858,2,50,1,1,-1,0.2,0.2,0.2,4,0.2,0,0.2,TRUE,200,0,0,71,2500,30
859,2,50,1,1,-1,0.2,0.2,0.2,4,0.2,0,0.2,TRUE,200,0,0,275,2296,30
860,2,50,1,1,-1,0.2,0.2,0.2,4,0.2,0,0.2,TRUE,200,0,0,261,2340,0
861,2,50,1,1,-1,0.2,0.2,0.2,4,0.2,0,0.2,TRUE,200,0,0,103,2498,0
862,2,50,1,1,-1,0.2,0.2,0.2,4,0.2,0,0.2,TRUE,200,0,0,215,2386,0
864,2,50,1,1,-1,0.2,0.2,0.2,4,0.2,0,0.2,TRUE,200,0,0,129,2472,0
865,2,50,1,1,-1,0.2,0.2,0.2,4,0.2,0,0.2,TRUE,200,0,0,181,2420,0
863,2,50,1,1,-1,0.2,0.2,0.2,4,0.2,0,0.2,TRUE,200,0,0,350,2251,0
866,2,50,1,1,-1,0.2,0.2,0.2,4,0.2,0,0.2,TRUE,200,0,0,289,2221,91
867,2,50,1,1,-1,0.2,0.2,0.2,4,0.2,0,0.2,TRUE,200,0,0,186,2404,11
868,2,50,1,1,-1,0.2,0.2,0.2,4,0.2,0,0.2,TRUE,200,0,0,362,2239,0
869,2,50,1,1,-1,0.2,0.2,0.2,4,0.2,0,0.2,TRUE,200,0,0,217,2362,22
870,2,50,1,1,-1,0.2,0.2,0.2,4,0.2,0,0.2,TRUE,200,0,0,68,2533,0
872,2,50,1,1,-1,0.2,0.2,0.2,4,0.2,0,0.2,TRUE,200,0,0,270,2331,0
871,2,50,1,1,-1,0.2,0.2,0.2,4,0.2,0,0.2,TRUE,200,0,0,161,2427,13
874,2,50,1,1,-1,0.2,0.2,0.2,4,0.2,0,0.2,TRUE,200,0,0,163,2438,0
873,2,50,1,1,-1,0.2,0.2,0.2,4,0.2,0,0.2,TRUE,200,0,0,137,2406,58
875,2,50,1,1,-1,0.2,0.2,0.2,4,0.2,0,0.2,TRUE,200,0,0,154,2447,0
876,2,50,1,1,-1,0.2,0.2,0.2,4,0.2,0,0.2,TRUE,200,0,0,210,2391,0
877,2,50,1,1,-1,0.2,0.2,0.2,4,0.2,0,0.2,TRUE,200,0,0,181,2420,0
878,2,50,1,1,-1,0.2,0.2,0.2,4,0.2,0,0.2,TRUE,200,0,0,45,2556,0
879,2,50,1,1,-1,0.2,0.2,0.2,4,0.2,0,0.2,TRUE,200,0,0,84,2517,0
880,2,50,1,1,-1,0.2,0.2,0.2,4,0.2,0,0.2,TRUE,200,0,0,307,2288,6
881,2,50,1,1,-1,0.2,0.2,0.2,4,0.2,0,0.2,TRUE,200,0,0,120,2469,12
883,2,50,1,1,-1,0.2,0.2,0.2,4,0.2,0,0.2,TRUE,200,0,0,286,2315,0
882,2,50,1,1,-1,0.2,0.2,0.2,4,0.2,0,0.2,TRUE,200,0,0,280,2321,0
884,2,50,1,1,-1,0.2,0.2,0.2,4,0.2,0,0.2,TRUE,200,0,0,202,2399,0
885,2,50,1,1,-1,0.2,0.2,0.2,4,0.2,0,0.2,TRUE,200,0,0,245,2303,53
887,2,50,1,1,-1,0.2,0.2,0.2,4,0.2,0,0.2,TRUE,200,0,0,260,2341,0
886,2,50,1,1,-1,0.2,0.2,0.2,4,0.2,0,0.2,TRUE,200,0,0,66,2535,0
888,2,50,1,1,-1,0.2,0.2,0.2,4,0.2,0,0.2,TRUE,200,0,0,136,2434,31
889,2,50,1,1,-1,0.2,0.2,0.2,4,0.2,0,0.2,TRUE,200,0,0,255,2346,0
890,2,50,1,1,-1,0.2,0.2,0.2,4,0.2,0,0.2,TRUE,200,0,0,254,2336,11
893,2,50,1,1,-1,0.2,0.2,0.2,4,0.2,0,0.2,TRUE,200,0,0,253,2343,5
892,2,50,1,1,-1,0.2,0.2,0.2,4,0.2,0,0.2,TRUE,200,0,0,52,2516,33
894,2,50,1,1,-1,0.2,0.2,0.2,4,0.2,0,0.2,TRUE,200,0,0,221,2380,0
891,2,50,1,1,-1,0.2,0.2,0.2,4,0.2,0,0.2,TRUE,200,0,0,193,2386,22
895,2,50,1,1,-1,0.2,0.2,0.2,4,0.2,0,0.2,TRUE,200,0,0,262,2339,0
896,2,50,1,1,-1,0.2,0.2,0.2,4,0.2,0,0.2,TRUE,200,0,0,142,2459,0
897,2,50,1,1,-1,0.2,0.2,0.2,4,0.2,0,0.2,TRUE,200,0,0,208,2393,0
898,2,50,1,1,-1,0.2,0.2,0.2,4,0.2,0,0.2,TRUE,200,0,0,173,2428,0
899,2,50,1,1,-1,0.2,0.2,0.2,4,0.2,0,0.2,TRUE,200,0,0,100,2501,0
900,2,50,1,1,-1,0.2,0.2,0.2,4,0.2,0,0.2,TRUE,200,0,0,239,2362,0
